N, batch_size, population, trace, rate, num_layers, emb_size, device, model_type, min_wclatency, total_time
3, 128, 512, /home/gsmalik/work/hoplite-ml/bench/random_3x3-1.dat, 0.01, 0, 0, cpu, qor, 108.0, 150.5536687374115
3, 128, 512, /home/gsmalik/work/hoplite-ml/bench/random_3x3-1.dat, 0.01, 10, 256, cuda, graph_sage_class_reg, 109.0, 5.241491079330444
3, 128, 512, /home/gsmalik/work/hoplite-ml/bench/random_3x3-1.dat, 0.01, 10, 256, cuda, graph_sage_class_reg_hybrid, 108.0, 43.564228773117065
3, 128, 512, /home/gsmalik/work/hoplite-ml/bench/random_3x3-1.dat, 0.01, 10, 256, cpu, graph_sage_class_reg, 109.0, 69.50803756713867
3, 128, 512, /home/gsmalik/work/hoplite-ml/bench/random_3x3-1.dat, 0.01, 10, 256, cpu, graph_sage_class_reg_hybrid, 108.0, 108.70094466209412
3, 128, 512, /home/gsmalik/work/hoplite-ml/bench/random_3x3-1.dat, 0.01, 15, 128, cuda, graph_sage_class_reg, 109.0, 3.768562078475952
3, 128, 512, /home/gsmalik/work/hoplite-ml/bench/random_3x3-1.dat, 0.01, 15, 128, cuda, graph_sage_class_reg_hybrid, 108.0, 43.16325759887695
3, 128, 512, /home/gsmalik/work/hoplite-ml/bench/random_3x3-1.dat, 0.01, 15, 128, cpu, graph_sage_class_reg, 109.0, 43.84657311439514
3, 128, 512, /home/gsmalik/work/hoplite-ml/bench/random_3x3-1.dat, 0.01, 15, 128, cpu, graph_sage_class_reg_hybrid, 108.0, 83.39392948150635
3, 128, 512, /home/gsmalik/work/hoplite-ml/bench/random_3x3-1.dat, 0.01, 20, 64, cuda, graph_sage_class_reg, 108.0, 4.826675891876221
3, 128, 512, /home/gsmalik/work/hoplite-ml/bench/random_3x3-1.dat, 0.01, 20, 64, cuda, graph_sage_class_reg_hybrid, 108.0, 44.98401236534119
3, 128, 512, /home/gsmalik/work/hoplite-ml/bench/random_3x3-1.dat, 0.01, 20, 64, cpu, graph_sage_class_reg, 108.0, 32.618911027908325
3, 128, 512, /home/gsmalik/work/hoplite-ml/bench/random_3x3-1.dat, 0.01, 20, 64, cpu, graph_sage_class_reg_hybrid, 108.0, 73.08261156082153
3, 128, 512, /home/gsmalik/work/hoplite-ml/bench/random_3x3-1.dat, 0.03, 0, 0, cpu, qor, 42.0, 162.82369899749756
3, 128, 512, /home/gsmalik/work/hoplite-ml/bench/random_3x3-1.dat, 0.03, 10, 256, cuda, graph_sage_class_reg, 43.0, 5.228604316711426
3, 128, 512, /home/gsmalik/work/hoplite-ml/bench/random_3x3-1.dat, 0.03, 10, 256, cuda, graph_sage_class_reg_hybrid, 42.0, 46.44065523147583
3, 128, 512, /home/gsmalik/work/hoplite-ml/bench/random_3x3-1.dat, 0.03, 10, 256, cpu, graph_sage_class_reg, 43.0, 73.73185443878174
3, 128, 512, /home/gsmalik/work/hoplite-ml/bench/random_3x3-1.dat, 0.03, 10, 256, cpu, graph_sage_class_reg_hybrid, 42.0, 115.28247952461243
3, 128, 512, /home/gsmalik/work/hoplite-ml/bench/random_3x3-1.dat, 0.03, 15, 128, cuda, graph_sage_class_reg, 43.0, 3.7151408195495605
3, 128, 512, /home/gsmalik/work/hoplite-ml/bench/random_3x3-1.dat, 0.03, 15, 128, cuda, graph_sage_class_reg_hybrid, 42.0, 45.4700653553009
3, 128, 512, /home/gsmalik/work/hoplite-ml/bench/random_3x3-1.dat, 0.03, 15, 128, cpu, graph_sage_class_reg, 43.0, 43.85998845100403
3, 128, 512, /home/gsmalik/work/hoplite-ml/bench/random_3x3-1.dat, 0.03, 15, 128, cpu, graph_sage_class_reg_hybrid, 42.0, 85.83911848068237
3, 128, 512, /home/gsmalik/work/hoplite-ml/bench/random_3x3-1.dat, 0.03, 20, 64, cuda, graph_sage_class_reg, 43.0, 4.77144980430603
3, 128, 512, /home/gsmalik/work/hoplite-ml/bench/random_3x3-1.dat, 0.03, 20, 64, cuda, graph_sage_class_reg_hybrid, 42.0, 46.89121055603027
3, 128, 512, /home/gsmalik/work/hoplite-ml/bench/random_3x3-1.dat, 0.03, 20, 64, cpu, graph_sage_class_reg, 43.0, 32.38234543800354
3, 128, 512, /home/gsmalik/work/hoplite-ml/bench/random_3x3-1.dat, 0.03, 20, 64, cpu, graph_sage_class_reg_hybrid, 42.0, 74.7740159034729
3, 128, 512, /home/gsmalik/work/hoplite-ml/bench/random_3x3-1.dat, 0.05, 0, 0, cpu, qor, 28.0, 171.61314868927002
3, 128, 512, /home/gsmalik/work/hoplite-ml/bench/random_3x3-1.dat, 0.05, 10, 256, cuda, graph_sage_class_reg, 28.0, 5.24116063117981
3, 128, 512, /home/gsmalik/work/hoplite-ml/bench/random_3x3-1.dat, 0.05, 10, 256, cuda, graph_sage_class_reg_hybrid, 28.0, 48.721747159957886
3, 128, 512, /home/gsmalik/work/hoplite-ml/bench/random_3x3-1.dat, 0.05, 10, 256, cpu, graph_sage_class_reg, 28.0, 73.32294082641602
3, 128, 512, /home/gsmalik/work/hoplite-ml/bench/random_3x3-1.dat, 0.05, 10, 256, cpu, graph_sage_class_reg_hybrid, 28.0, 116.85969281196594
3, 128, 512, /home/gsmalik/work/hoplite-ml/bench/random_3x3-1.dat, 0.05, 15, 128, cuda, graph_sage_class_reg, 28.0, 3.7277567386627197
3, 128, 512, /home/gsmalik/work/hoplite-ml/bench/random_3x3-1.dat, 0.05, 15, 128, cuda, graph_sage_class_reg_hybrid, 28.0, 47.5606005191803
3, 128, 512, /home/gsmalik/work/hoplite-ml/bench/random_3x3-1.dat, 0.05, 15, 128, cpu, graph_sage_class_reg, 28.0, 44.23849868774414
3, 128, 512, /home/gsmalik/work/hoplite-ml/bench/random_3x3-1.dat, 0.05, 15, 128, cpu, graph_sage_class_reg_hybrid, 28.0, 88.31518864631653
3, 128, 512, /home/gsmalik/work/hoplite-ml/bench/random_3x3-1.dat, 0.05, 20, 64, cuda, graph_sage_class_reg, 29.0, 4.825551271438599
3, 128, 512, /home/gsmalik/work/hoplite-ml/bench/random_3x3-1.dat, 0.05, 20, 64, cuda, graph_sage_class_reg_hybrid, 28.0, 48.76335906982422
3, 128, 512, /home/gsmalik/work/hoplite-ml/bench/random_3x3-1.dat, 0.05, 20, 64, cpu, graph_sage_class_reg, 29.0, 32.31878995895386
3, 128, 512, /home/gsmalik/work/hoplite-ml/bench/random_3x3-1.dat, 0.05, 20, 64, cpu, graph_sage_class_reg_hybrid, 28.0, 76.54597425460815
3, 128, 512, /home/gsmalik/work/hoplite-ml/bench/random_3x3-1.dat, 0.07, 0, 0, cpu, qor, 23.0, 176.97221755981445
3, 128, 512, /home/gsmalik/work/hoplite-ml/bench/random_3x3-1.dat, 0.07, 10, 256, cuda, graph_sage_class_reg, 24.0, 5.240947246551514
3, 128, 512, /home/gsmalik/work/hoplite-ml/bench/random_3x3-1.dat, 0.07, 10, 256, cuda, graph_sage_class_reg_hybrid, 23.0, 49.80925107002258
3, 128, 512, /home/gsmalik/work/hoplite-ml/bench/random_3x3-1.dat, 0.07, 10, 256, cpu, graph_sage_class_reg, 24.0, 69.31743311882019
3, 128, 512, /home/gsmalik/work/hoplite-ml/bench/random_3x3-1.dat, 0.07, 10, 256, cpu, graph_sage_class_reg_hybrid, 23.0, 113.73641085624695
3, 128, 512, /home/gsmalik/work/hoplite-ml/bench/random_3x3-1.dat, 0.07, 15, 128, cuda, graph_sage_class_reg, 24.0, 3.721673011779785
3, 128, 512, /home/gsmalik/work/hoplite-ml/bench/random_3x3-1.dat, 0.07, 15, 128, cuda, graph_sage_class_reg_hybrid, 23.0, 48.27762532234192
3, 128, 512, /home/gsmalik/work/hoplite-ml/bench/random_3x3-1.dat, 0.07, 15, 128, cpu, graph_sage_class_reg, 24.0, 42.124906063079834
3, 128, 512, /home/gsmalik/work/hoplite-ml/bench/random_3x3-1.dat, 0.07, 15, 128, cpu, graph_sage_class_reg_hybrid, 23.0, 86.81954216957092
3, 128, 512, /home/gsmalik/work/hoplite-ml/bench/random_3x3-1.dat, 0.07, 20, 64, cuda, graph_sage_class_reg, 24.0, 4.841324090957642
3, 128, 512, /home/gsmalik/work/hoplite-ml/bench/random_3x3-1.dat, 0.07, 20, 64, cuda, graph_sage_class_reg_hybrid, 23.0, 49.311691999435425
3, 128, 512, /home/gsmalik/work/hoplite-ml/bench/random_3x3-1.dat, 0.07, 20, 64, cpu, graph_sage_class_reg, 24.0, 32.80002546310425
3, 128, 512, /home/gsmalik/work/hoplite-ml/bench/random_3x3-1.dat, 0.07, 20, 64, cpu, graph_sage_class_reg_hybrid, 23.0, 77.45030689239502
3, 128, 512, /home/gsmalik/work/hoplite-ml/bench/random_3x3-1.dat, 0.09, 0, 0, cpu, qor, 20.0, 179.3321716785431
3, 128, 512, /home/gsmalik/work/hoplite-ml/bench/random_3x3-1.dat, 0.09, 10, 256, cuda, graph_sage_class_reg, 21.0, 5.249877452850342
3, 128, 512, /home/gsmalik/work/hoplite-ml/bench/random_3x3-1.dat, 0.09, 10, 256, cuda, graph_sage_class_reg_hybrid, 20.0, 50.24286699295044
3, 128, 512, /home/gsmalik/work/hoplite-ml/bench/random_3x3-1.dat, 0.09, 10, 256, cpu, graph_sage_class_reg, 21.0, 69.26415514945984
3, 128, 512, /home/gsmalik/work/hoplite-ml/bench/random_3x3-1.dat, 0.09, 10, 256, cpu, graph_sage_class_reg_hybrid, 20.0, 114.1573076248169
3, 128, 512, /home/gsmalik/work/hoplite-ml/bench/random_3x3-1.dat, 0.09, 15, 128, cuda, graph_sage_class_reg, 21.0, 3.8048059940338135
3, 128, 512, /home/gsmalik/work/hoplite-ml/bench/random_3x3-1.dat, 0.09, 15, 128, cuda, graph_sage_class_reg_hybrid, 20.0, 48.87881422042847
3, 128, 512, /home/gsmalik/work/hoplite-ml/bench/random_3x3-1.dat, 0.09, 15, 128, cpu, graph_sage_class_reg, 21.0, 45.213353872299194
3, 128, 512, /home/gsmalik/work/hoplite-ml/bench/random_3x3-1.dat, 0.09, 15, 128, cpu, graph_sage_class_reg_hybrid, 20.0, 90.45795059204102
3, 128, 512, /home/gsmalik/work/hoplite-ml/bench/random_3x3-1.dat, 0.09, 20, 64, cuda, graph_sage_class_reg, 20.0, 4.861145973205566
3, 128, 512, /home/gsmalik/work/hoplite-ml/bench/random_3x3-1.dat, 0.09, 20, 64, cuda, graph_sage_class_reg_hybrid, 20.0, 49.981746196746826
3, 128, 512, /home/gsmalik/work/hoplite-ml/bench/random_3x3-1.dat, 0.09, 20, 64, cpu, graph_sage_class_reg, 20.0, 32.509313106536865
3, 128, 512, /home/gsmalik/work/hoplite-ml/bench/random_3x3-1.dat, 0.09, 20, 64, cpu, graph_sage_class_reg_hybrid, 20.0, 77.7640790939331
4, 128, 512, /home/gsmalik/work/hoplite-ml/bench/random_4x4-1.dat, 0.01, 0, 0, cpu, qor, 113.0, 181.88420796394348
4, 128, 512, /home/gsmalik/work/hoplite-ml/bench/random_4x4-1.dat, 0.01, 10, 256, cuda, graph_sage_class_reg, 126.0, 9.802066326141357
4, 128, 512, /home/gsmalik/work/hoplite-ml/bench/random_4x4-1.dat, 0.01, 10, 256, cuda, graph_sage_class_reg_hybrid, 113.0, 55.42186117172241
4, 128, 512, /home/gsmalik/work/hoplite-ml/bench/random_4x4-1.dat, 0.01, 10, 256, cpu, graph_sage_class_reg, 126.0, 131.27206134796143
4, 128, 512, /home/gsmalik/work/hoplite-ml/bench/random_4x4-1.dat, 0.01, 10, 256, cpu, graph_sage_class_reg_hybrid, 113.0, 176.83266687393188
4, 128, 512, /home/gsmalik/work/hoplite-ml/bench/random_4x4-1.dat, 0.01, 15, 128, cuda, graph_sage_class_reg, 128.0, 5.9049904346466064
4, 128, 512, /home/gsmalik/work/hoplite-ml/bench/random_4x4-1.dat, 0.01, 15, 128, cuda, graph_sage_class_reg_hybrid, 113.0, 51.41964244842529
4, 128, 512, /home/gsmalik/work/hoplite-ml/bench/random_4x4-1.dat, 0.01, 15, 128, cpu, graph_sage_class_reg, 128.0, 70.0733528137207
4, 128, 512, /home/gsmalik/work/hoplite-ml/bench/random_4x4-1.dat, 0.01, 15, 128, cpu, graph_sage_class_reg_hybrid, 113.0, 115.577965259552
4, 128, 512, /home/gsmalik/work/hoplite-ml/bench/random_4x4-1.dat, 0.01, 20, 64, cuda, graph_sage_class_reg, 113.0, 4.887362957000732
4, 128, 512, /home/gsmalik/work/hoplite-ml/bench/random_4x4-1.dat, 0.01, 20, 64, cuda, graph_sage_class_reg_hybrid, 113.0, 50.4943630695343
4, 128, 512, /home/gsmalik/work/hoplite-ml/bench/random_4x4-1.dat, 0.01, 20, 64, cpu, graph_sage_class_reg, 113.0, 41.97228813171387
4, 128, 512, /home/gsmalik/work/hoplite-ml/bench/random_4x4-1.dat, 0.01, 20, 64, cpu, graph_sage_class_reg_hybrid, 113.0, 87.64239072799683
4, 128, 512, /home/gsmalik/work/hoplite-ml/bench/random_4x4-1.dat, 0.03, 0, 0, cpu, qor, 47.0, 182.3257555961609
4, 128, 512, /home/gsmalik/work/hoplite-ml/bench/random_4x4-1.dat, 0.03, 10, 256, cuda, graph_sage_class_reg, 62.0, 9.809406280517578
4, 128, 512, /home/gsmalik/work/hoplite-ml/bench/random_4x4-1.dat, 0.03, 10, 256, cuda, graph_sage_class_reg_hybrid, 47.0, 55.57319617271423
4, 128, 512, /home/gsmalik/work/hoplite-ml/bench/random_4x4-1.dat, 0.03, 10, 256, cpu, graph_sage_class_reg, 62.0, 124.06814575195312
4, 128, 512, /home/gsmalik/work/hoplite-ml/bench/random_4x4-1.dat, 0.03, 10, 256, cpu, graph_sage_class_reg_hybrid, 47.0, 169.86413979530334
4, 128, 512, /home/gsmalik/work/hoplite-ml/bench/random_4x4-1.dat, 0.03, 15, 128, cuda, graph_sage_class_reg, 66.0, 5.871309757232666
4, 128, 512, /home/gsmalik/work/hoplite-ml/bench/random_4x4-1.dat, 0.03, 15, 128, cuda, graph_sage_class_reg_hybrid, 47.0, 51.626500368118286
4, 128, 512, /home/gsmalik/work/hoplite-ml/bench/random_4x4-1.dat, 0.03, 15, 128, cpu, graph_sage_class_reg, 66.0, 68.5139651298523
4, 128, 512, /home/gsmalik/work/hoplite-ml/bench/random_4x4-1.dat, 0.03, 15, 128, cpu, graph_sage_class_reg_hybrid, 47.0, 114.30927109718323
4, 128, 512, /home/gsmalik/work/hoplite-ml/bench/random_4x4-1.dat, 0.03, 20, 64, cuda, graph_sage_class_reg, 66.0, 4.854922294616699
4, 128, 512, /home/gsmalik/work/hoplite-ml/bench/random_4x4-1.dat, 0.03, 20, 64, cuda, graph_sage_class_reg_hybrid, 47.0, 50.73370695114136
4, 128, 512, /home/gsmalik/work/hoplite-ml/bench/random_4x4-1.dat, 0.03, 20, 64, cpu, graph_sage_class_reg, 66.0, 42.760151863098145
4, 128, 512, /home/gsmalik/work/hoplite-ml/bench/random_4x4-1.dat, 0.03, 20, 64, cpu, graph_sage_class_reg_hybrid, 47.0, 88.54703259468079
4, 128, 512, /home/gsmalik/work/hoplite-ml/bench/random_4x4-1.dat, 0.05, 0, 0, cpu, qor, 34.0, 184.3209056854248
4, 128, 512, /home/gsmalik/work/hoplite-ml/bench/random_4x4-1.dat, 0.05, 10, 256, cuda, graph_sage_class_reg, 59.0, 9.805316686630249
4, 128, 512, /home/gsmalik/work/hoplite-ml/bench/random_4x4-1.dat, 0.05, 10, 256, cuda, graph_sage_class_reg_hybrid, 34.0, 55.7274284362793
4, 128, 512, /home/gsmalik/work/hoplite-ml/bench/random_4x4-1.dat, 0.05, 10, 256, cpu, graph_sage_class_reg, 59.0, 130.03108954429626
4, 128, 512, /home/gsmalik/work/hoplite-ml/bench/random_4x4-1.dat, 0.05, 10, 256, cpu, graph_sage_class_reg_hybrid, 34.0, 176.11367344856262
4, 128, 512, /home/gsmalik/work/hoplite-ml/bench/random_4x4-1.dat, 0.05, 15, 128, cuda, graph_sage_class_reg, 49.0, 5.913274049758911
4, 128, 512, /home/gsmalik/work/hoplite-ml/bench/random_4x4-1.dat, 0.05, 15, 128, cuda, graph_sage_class_reg_hybrid, 34.0, 51.874422788619995
4, 128, 512, /home/gsmalik/work/hoplite-ml/bench/random_4x4-1.dat, 0.05, 15, 128, cpu, graph_sage_class_reg, 49.0, 74.41504859924316
4, 128, 512, /home/gsmalik/work/hoplite-ml/bench/random_4x4-1.dat, 0.05, 15, 128, cpu, graph_sage_class_reg_hybrid, 34.0, 120.48368811607361
4, 128, 512, /home/gsmalik/work/hoplite-ml/bench/random_4x4-1.dat, 0.05, 20, 64, cuda, graph_sage_class_reg, 48.0, 4.780906438827515
4, 128, 512, /home/gsmalik/work/hoplite-ml/bench/random_4x4-1.dat, 0.05, 20, 64, cuda, graph_sage_class_reg_hybrid, 34.0, 50.70361661911011
4, 128, 512, /home/gsmalik/work/hoplite-ml/bench/random_4x4-1.dat, 0.05, 20, 64, cpu, graph_sage_class_reg, 48.0, 44.30699419975281
4, 128, 512, /home/gsmalik/work/hoplite-ml/bench/random_4x4-1.dat, 0.05, 20, 64, cpu, graph_sage_class_reg_hybrid, 34.0, 90.23663878440857
4, 128, 512, /home/gsmalik/work/hoplite-ml/bench/random_4x4-1.dat, 0.07, 0, 0, cpu, qor, 30.0, 184.41101622581482
4, 128, 512, /home/gsmalik/work/hoplite-ml/bench/random_4x4-1.dat, 0.07, 10, 256, cuda, graph_sage_class_reg, 57.0, 9.80718183517456
4, 128, 512, /home/gsmalik/work/hoplite-ml/bench/random_4x4-1.dat, 0.07, 10, 256, cuda, graph_sage_class_reg_hybrid, 30.0, 55.81338882446289
4, 128, 512, /home/gsmalik/work/hoplite-ml/bench/random_4x4-1.dat, 0.07, 10, 256, cpu, graph_sage_class_reg, 57.0, 130.15042924880981
4, 128, 512, /home/gsmalik/work/hoplite-ml/bench/random_4x4-1.dat, 0.07, 10, 256, cpu, graph_sage_class_reg_hybrid, 30.0, 176.45057225227356
4, 128, 512, /home/gsmalik/work/hoplite-ml/bench/random_4x4-1.dat, 0.07, 15, 128, cuda, graph_sage_class_reg, 54.0, 5.885370254516602
4, 128, 512, /home/gsmalik/work/hoplite-ml/bench/random_4x4-1.dat, 0.07, 15, 128, cuda, graph_sage_class_reg_hybrid, 30.0, 52.102461099624634
4, 128, 512, /home/gsmalik/work/hoplite-ml/bench/random_4x4-1.dat, 0.07, 15, 128, cpu, graph_sage_class_reg, 54.0, 72.31116271018982
4, 128, 512, /home/gsmalik/work/hoplite-ml/bench/random_4x4-1.dat, 0.07, 15, 128, cpu, graph_sage_class_reg_hybrid, 30.0, 118.31633234024048
4, 128, 512, /home/gsmalik/work/hoplite-ml/bench/random_4x4-1.dat, 0.07, 20, 64, cuda, graph_sage_class_reg, 44.0, 4.806516647338867
4, 128, 512, /home/gsmalik/work/hoplite-ml/bench/random_4x4-1.dat, 0.07, 20, 64, cuda, graph_sage_class_reg_hybrid, 30.0, 50.95911645889282
4, 128, 512, /home/gsmalik/work/hoplite-ml/bench/random_4x4-1.dat, 0.07, 20, 64, cpu, graph_sage_class_reg, 44.0, 43.41256809234619
4, 128, 512, /home/gsmalik/work/hoplite-ml/bench/random_4x4-1.dat, 0.07, 20, 64, cpu, graph_sage_class_reg_hybrid, 30.0, 89.59689021110535
4, 128, 512, /home/gsmalik/work/hoplite-ml/bench/random_4x4-1.dat, 0.09, 0, 0, cpu, qor, 29.0, 185.17377281188965
4, 128, 512, /home/gsmalik/work/hoplite-ml/bench/random_4x4-1.dat, 0.09, 10, 256, cuda, graph_sage_class_reg, 59.0, 9.806846380233765
4, 128, 512, /home/gsmalik/work/hoplite-ml/bench/random_4x4-1.dat, 0.09, 10, 256, cuda, graph_sage_class_reg_hybrid, 29.0, 56.11564898490906
4, 128, 512, /home/gsmalik/work/hoplite-ml/bench/random_4x4-1.dat, 0.09, 10, 256, cpu, graph_sage_class_reg, 59.0, 124.21994042396545
4, 128, 512, /home/gsmalik/work/hoplite-ml/bench/random_4x4-1.dat, 0.09, 10, 256, cpu, graph_sage_class_reg_hybrid, 29.0, 170.47411942481995
4, 128, 512, /home/gsmalik/work/hoplite-ml/bench/random_4x4-1.dat, 0.09, 15, 128, cuda, graph_sage_class_reg, 49.0, 5.877359390258789
4, 128, 512, /home/gsmalik/work/hoplite-ml/bench/random_4x4-1.dat, 0.09, 15, 128, cuda, graph_sage_class_reg_hybrid, 29.0, 52.363333225250244
4, 128, 512, /home/gsmalik/work/hoplite-ml/bench/random_4x4-1.dat, 0.09, 15, 128, cpu, graph_sage_class_reg, 49.0, 68.10322165489197
4, 128, 512, /home/gsmalik/work/hoplite-ml/bench/random_4x4-1.dat, 0.09, 15, 128, cpu, graph_sage_class_reg_hybrid, 29.0, 114.52094459533691
4, 128, 512, /home/gsmalik/work/hoplite-ml/bench/random_4x4-1.dat, 0.09, 20, 64, cuda, graph_sage_class_reg, 45.0, 4.831938743591309
4, 128, 512, /home/gsmalik/work/hoplite-ml/bench/random_4x4-1.dat, 0.09, 20, 64, cuda, graph_sage_class_reg_hybrid, 29.0, 51.26837158203125
4, 128, 512, /home/gsmalik/work/hoplite-ml/bench/random_4x4-1.dat, 0.09, 20, 64, cpu, graph_sage_class_reg, 45.0, 42.22108602523804
4, 128, 512, /home/gsmalik/work/hoplite-ml/bench/random_4x4-1.dat, 0.09, 20, 64, cpu, graph_sage_class_reg_hybrid, 29.0, 88.52176141738892
5, 128, 512, /home/gsmalik/work/hoplite-ml/bench/random_5x5-1.dat, 0.01, 0, 0, cpu, qor, 114.0, 186.311425447464
5, 128, 512, /home/gsmalik/work/hoplite-ml/bench/random_5x5-1.dat, 0.01, 10, 256, cuda, graph_sage_class_reg, 141.0, 16.437440872192383
5, 128, 512, /home/gsmalik/work/hoplite-ml/bench/random_5x5-1.dat, 0.01, 10, 256, cuda, graph_sage_class_reg_hybrid, 114.0, 63.264482259750366
5, 128, 512, /home/gsmalik/work/hoplite-ml/bench/random_5x5-1.dat, 0.01, 10, 256, cpu, graph_sage_class_reg, 141.0, 208.2740306854248
5, 128, 512, /home/gsmalik/work/hoplite-ml/bench/random_5x5-1.dat, 0.01, 10, 256, cpu, graph_sage_class_reg_hybrid, 114.0, 255.05923199653625
5, 128, 512, /home/gsmalik/work/hoplite-ml/bench/random_5x5-1.dat, 0.01, 15, 128, cuda, graph_sage_class_reg, 144.0, 9.696359872817993
5, 128, 512, /home/gsmalik/work/hoplite-ml/bench/random_5x5-1.dat, 0.01, 15, 128, cuda, graph_sage_class_reg_hybrid, 114.0, 56.44602990150452
5, 128, 512, /home/gsmalik/work/hoplite-ml/bench/random_5x5-1.dat, 0.01, 15, 128, cpu, graph_sage_class_reg, 144.0, 112.45717811584473
5, 128, 512, /home/gsmalik/work/hoplite-ml/bench/random_5x5-1.dat, 0.01, 15, 128, cpu, graph_sage_class_reg_hybrid, 114.0, 159.00971794128418
5, 128, 512, /home/gsmalik/work/hoplite-ml/bench/random_5x5-1.dat, 0.01, 20, 64, cuda, graph_sage_class_reg, 131.0, 6.468379974365234
5, 128, 512, /home/gsmalik/work/hoplite-ml/bench/random_5x5-1.dat, 0.01, 20, 64, cuda, graph_sage_class_reg_hybrid, 114.0, 53.37737011909485
5, 128, 512, /home/gsmalik/work/hoplite-ml/bench/random_5x5-1.dat, 0.01, 20, 64, cpu, graph_sage_class_reg, 131.0, 60.21638083457947
5, 128, 512, /home/gsmalik/work/hoplite-ml/bench/random_5x5-1.dat, 0.01, 20, 64, cpu, graph_sage_class_reg_hybrid, 114.0, 107.2078287601471
5, 128, 512, /home/gsmalik/work/hoplite-ml/bench/random_5x5-1.dat, 0.03, 0, 0, cpu, qor, 50.0, 188.93858432769775
5, 128, 512, /home/gsmalik/work/hoplite-ml/bench/random_5x5-1.dat, 0.03, 10, 256, cuda, graph_sage_class_reg, 71.0, 16.421971559524536
5, 128, 512, /home/gsmalik/work/hoplite-ml/bench/random_5x5-1.dat, 0.03, 10, 256, cuda, graph_sage_class_reg_hybrid, 50.0, 64.72588229179382
5, 128, 512, /home/gsmalik/work/hoplite-ml/bench/random_5x5-1.dat, 0.03, 10, 256, cpu, graph_sage_class_reg, 71.0, 206.9632499217987
5, 128, 512, /home/gsmalik/work/hoplite-ml/bench/random_5x5-1.dat, 0.03, 10, 256, cpu, graph_sage_class_reg_hybrid, 50.0, 255.02597332000732
5, 128, 512, /home/gsmalik/work/hoplite-ml/bench/random_5x5-1.dat, 0.03, 15, 128, cuda, graph_sage_class_reg, 91.0, 9.688616275787354
5, 128, 512, /home/gsmalik/work/hoplite-ml/bench/random_5x5-1.dat, 0.03, 15, 128, cuda, graph_sage_class_reg_hybrid, 50.0, 57.754658699035645
5, 128, 512, /home/gsmalik/work/hoplite-ml/bench/random_5x5-1.dat, 0.03, 15, 128, cpu, graph_sage_class_reg, 91.0, 106.34821391105652
5, 128, 512, /home/gsmalik/work/hoplite-ml/bench/random_5x5-1.dat, 0.03, 15, 128, cpu, graph_sage_class_reg_hybrid, 50.0, 154.54477500915527
5, 128, 512, /home/gsmalik/work/hoplite-ml/bench/random_5x5-1.dat, 0.03, 20, 64, cuda, graph_sage_class_reg, 91.0, 6.488582134246826
5, 128, 512, /home/gsmalik/work/hoplite-ml/bench/random_5x5-1.dat, 0.03, 20, 64, cuda, graph_sage_class_reg_hybrid, 50.0, 54.70112729072571
5, 128, 512, /home/gsmalik/work/hoplite-ml/bench/random_5x5-1.dat, 0.03, 20, 64, cpu, graph_sage_class_reg, 91.0, 62.20709204673767
5, 128, 512, /home/gsmalik/work/hoplite-ml/bench/random_5x5-1.dat, 0.03, 20, 64, cpu, graph_sage_class_reg_hybrid, 50.0, 110.34617519378662
5, 128, 512, /home/gsmalik/work/hoplite-ml/bench/random_5x5-1.dat, 0.05, 0, 0, cpu, qor, 38.0, 191.45010995864868
5, 128, 512, /home/gsmalik/work/hoplite-ml/bench/random_5x5-1.dat, 0.05, 10, 256, cuda, graph_sage_class_reg, 72.0, 16.41023874282837
5, 128, 512, /home/gsmalik/work/hoplite-ml/bench/random_5x5-1.dat, 0.05, 10, 256, cuda, graph_sage_class_reg_hybrid, 38.0, 64.71949529647827
5, 128, 512, /home/gsmalik/work/hoplite-ml/bench/random_5x5-1.dat, 0.05, 10, 256, cpu, graph_sage_class_reg, 72.0, 208.6163730621338
5, 128, 512, /home/gsmalik/work/hoplite-ml/bench/random_5x5-1.dat, 0.05, 10, 256, cpu, graph_sage_class_reg_hybrid, 38.0, 256.8463714122772
5, 128, 512, /home/gsmalik/work/hoplite-ml/bench/random_5x5-1.dat, 0.05, 15, 128, cuda, graph_sage_class_reg, 58.0, 9.704219102859497
5, 128, 512, /home/gsmalik/work/hoplite-ml/bench/random_5x5-1.dat, 0.05, 15, 128, cuda, graph_sage_class_reg_hybrid, 38.0, 57.8835928440094
5, 128, 512, /home/gsmalik/work/hoplite-ml/bench/random_5x5-1.dat, 0.05, 15, 128, cpu, graph_sage_class_reg, 58.0, 113.76204180717468
5, 128, 512, /home/gsmalik/work/hoplite-ml/bench/random_5x5-1.dat, 0.05, 15, 128, cpu, graph_sage_class_reg_hybrid, 38.0, 161.97533082962036
5, 128, 512, /home/gsmalik/work/hoplite-ml/bench/random_5x5-1.dat, 0.05, 20, 64, cuda, graph_sage_class_reg, 55.0, 6.486565351486206
5, 128, 512, /home/gsmalik/work/hoplite-ml/bench/random_5x5-1.dat, 0.05, 20, 64, cuda, graph_sage_class_reg_hybrid, 38.0, 54.58691668510437
5, 128, 512, /home/gsmalik/work/hoplite-ml/bench/random_5x5-1.dat, 0.05, 20, 64, cpu, graph_sage_class_reg, 55.0, 61.15343928337097
5, 128, 512, /home/gsmalik/work/hoplite-ml/bench/random_5x5-1.dat, 0.05, 20, 64, cpu, graph_sage_class_reg_hybrid, 38.0, 109.22048759460449
5, 128, 512, /home/gsmalik/work/hoplite-ml/bench/random_5x5-1.dat, 0.07, 0, 0, cpu, qor, 38.0, 192.85433793067932
5, 128, 512, /home/gsmalik/work/hoplite-ml/bench/random_5x5-1.dat, 0.07, 10, 256, cuda, graph_sage_class_reg, 227.0, 16.400132179260254
5, 128, 512, /home/gsmalik/work/hoplite-ml/bench/random_5x5-1.dat, 0.07, 10, 256, cuda, graph_sage_class_reg_hybrid, 38.0, 64.38377594947815
5, 128, 512, /home/gsmalik/work/hoplite-ml/bench/random_5x5-1.dat, 0.07, 10, 256, cpu, graph_sage_class_reg, 227.0, 201.93114233016968
5, 128, 512, /home/gsmalik/work/hoplite-ml/bench/random_5x5-1.dat, 0.07, 10, 256, cpu, graph_sage_class_reg_hybrid, 38.0, 250.25410676002502
5, 128, 512, /home/gsmalik/work/hoplite-ml/bench/random_5x5-1.dat, 0.07, 15, 128, cuda, graph_sage_class_reg, 57.0, 9.701473236083984
5, 128, 512, /home/gsmalik/work/hoplite-ml/bench/random_5x5-1.dat, 0.07, 15, 128, cuda, graph_sage_class_reg_hybrid, 38.0, 57.892253398895264
5, 128, 512, /home/gsmalik/work/hoplite-ml/bench/random_5x5-1.dat, 0.07, 15, 128, cpu, graph_sage_class_reg, 57.0, 107.42319011688232
5, 128, 512, /home/gsmalik/work/hoplite-ml/bench/random_5x5-1.dat, 0.07, 15, 128, cpu, graph_sage_class_reg_hybrid, 38.0, 155.6628713607788
5, 128, 512, /home/gsmalik/work/hoplite-ml/bench/random_5x5-1.dat, 0.07, 20, 64, cuda, graph_sage_class_reg, 67.0, 6.48798131942749
5, 128, 512, /home/gsmalik/work/hoplite-ml/bench/random_5x5-1.dat, 0.07, 20, 64, cuda, graph_sage_class_reg_hybrid, 38.0, 54.625513553619385
5, 128, 512, /home/gsmalik/work/hoplite-ml/bench/random_5x5-1.dat, 0.07, 20, 64, cpu, graph_sage_class_reg, 67.0, 61.352845907211304
5, 128, 512, /home/gsmalik/work/hoplite-ml/bench/random_5x5-1.dat, 0.07, 20, 64, cpu, graph_sage_class_reg_hybrid, 38.0, 108.93520259857178
5, 128, 512, /home/gsmalik/work/hoplite-ml/bench/random_5x5-1.dat, 0.09, 0, 0, cpu, qor, 42.0, 192.61080718040466
5, 128, 512, /home/gsmalik/work/hoplite-ml/bench/random_5x5-1.dat, 0.09, 10, 256, cuda, graph_sage_class_reg, 100000000, 16.410804271697998
5, 128, 512, /home/gsmalik/work/hoplite-ml/bench/random_5x5-1.dat, 0.09, 10, 256, cuda, graph_sage_class_reg_hybrid, 42.0, 64.82653403282166
5, 128, 512, /home/gsmalik/work/hoplite-ml/bench/random_5x5-1.dat, 0.09, 10, 256, cpu, graph_sage_class_reg, 100000000, 206.4086561203003
5, 128, 512, /home/gsmalik/work/hoplite-ml/bench/random_5x5-1.dat, 0.09, 10, 256, cpu, graph_sage_class_reg_hybrid, 42.0, 254.70933866500854
5, 128, 512, /home/gsmalik/work/hoplite-ml/bench/random_5x5-1.dat, 0.09, 15, 128, cuda, graph_sage_class_reg, 57.0, 9.685240745544434
5, 128, 512, /home/gsmalik/work/hoplite-ml/bench/random_5x5-1.dat, 0.09, 15, 128, cuda, graph_sage_class_reg_hybrid, 42.0, 57.836705684661865
5, 128, 512, /home/gsmalik/work/hoplite-ml/bench/random_5x5-1.dat, 0.09, 15, 128, cpu, graph_sage_class_reg, 57.0, 109.31308794021606
5, 128, 512, /home/gsmalik/work/hoplite-ml/bench/random_5x5-1.dat, 0.09, 15, 128, cpu, graph_sage_class_reg_hybrid, 42.0, 157.44013261795044
5, 128, 512, /home/gsmalik/work/hoplite-ml/bench/random_5x5-1.dat, 0.09, 20, 64, cuda, graph_sage_class_reg, 337.0, 6.480025768280029
5, 128, 512, /home/gsmalik/work/hoplite-ml/bench/random_5x5-1.dat, 0.09, 20, 64, cuda, graph_sage_class_reg_hybrid, 42.0, 54.74955677986145
5, 128, 512, /home/gsmalik/work/hoplite-ml/bench/random_5x5-1.dat, 0.09, 20, 64, cpu, graph_sage_class_reg, 337.0, 61.531452894210815
5, 128, 512, /home/gsmalik/work/hoplite-ml/bench/random_5x5-1.dat, 0.09, 20, 64, cpu, graph_sage_class_reg_hybrid, 42.0, 109.70573425292969
6, 128, 512, /home/gsmalik/work/hoplite-ml/bench/random_6x6-1.dat, 0.01, 0, 0, cpu, qor, 117.0, 193.38808727264404
6, 128, 512, /home/gsmalik/work/hoplite-ml/bench/random_6x6-1.dat, 0.01, 10, 256, cuda, graph_sage_class_reg, 117.0, 26.505836486816406
6, 128, 512, /home/gsmalik/work/hoplite-ml/bench/random_6x6-1.dat, 0.01, 10, 256, cuda, graph_sage_class_reg_hybrid, 117.0, 74.84582567214966
6, 128, 512, /home/gsmalik/work/hoplite-ml/bench/random_6x6-1.dat, 0.01, 10, 256, cpu, graph_sage_class_reg, 117.0, 296.61338567733765
6, 128, 512, /home/gsmalik/work/hoplite-ml/bench/random_6x6-1.dat, 0.01, 10, 256, cpu, graph_sage_class_reg_hybrid, 117.0, 344.91088604927063
6, 128, 512, /home/gsmalik/work/hoplite-ml/bench/random_6x6-1.dat, 0.01, 15, 128, cuda, graph_sage_class_reg, 167.0, 14.965276956558228
6, 128, 512, /home/gsmalik/work/hoplite-ml/bench/random_6x6-1.dat, 0.01, 15, 128, cuda, graph_sage_class_reg_hybrid, 117.0, 63.29956579208374
6, 128, 512, /home/gsmalik/work/hoplite-ml/bench/random_6x6-1.dat, 0.01, 15, 128, cpu, graph_sage_class_reg, 167.0, 164.64671659469604
6, 128, 512, /home/gsmalik/work/hoplite-ml/bench/random_6x6-1.dat, 0.01, 15, 128, cpu, graph_sage_class_reg_hybrid, 117.0, 212.86000633239746
6, 128, 512, /home/gsmalik/work/hoplite-ml/bench/random_6x6-1.dat, 0.01, 20, 64, cuda, graph_sage_class_reg, 139.0, 9.294248342514038
6, 128, 512, /home/gsmalik/work/hoplite-ml/bench/random_6x6-1.dat, 0.01, 20, 64, cuda, graph_sage_class_reg_hybrid, 117.0, 57.59434700012207
6, 128, 512, /home/gsmalik/work/hoplite-ml/bench/random_6x6-1.dat, 0.01, 20, 64, cpu, graph_sage_class_reg, 139.0, 84.52006006240845
6, 128, 512, /home/gsmalik/work/hoplite-ml/bench/random_6x6-1.dat, 0.01, 20, 64, cpu, graph_sage_class_reg_hybrid, 117.0, 132.87990069389343
6, 128, 512, /home/gsmalik/work/hoplite-ml/bench/random_6x6-1.dat, 0.03, 0, 0, cpu, qor, 52.0, 193.14787340164185
6, 128, 512, /home/gsmalik/work/hoplite-ml/bench/random_6x6-1.dat, 0.03, 10, 256, cuda, graph_sage_class_reg, 89.0, 26.525506019592285
6, 128, 512, /home/gsmalik/work/hoplite-ml/bench/random_6x6-1.dat, 0.03, 10, 256, cuda, graph_sage_class_reg_hybrid, 52.0, 74.56747269630432
6, 128, 512, /home/gsmalik/work/hoplite-ml/bench/random_6x6-1.dat, 0.03, 10, 256, cpu, graph_sage_class_reg, 89.0, 302.0706753730774
6, 128, 512, /home/gsmalik/work/hoplite-ml/bench/random_6x6-1.dat, 0.03, 10, 256, cpu, graph_sage_class_reg_hybrid, 52.0, 350.36037397384644
6, 128, 512, /home/gsmalik/work/hoplite-ml/bench/random_6x6-1.dat, 0.03, 15, 128, cuda, graph_sage_class_reg, 126.0, 14.940278768539429
6, 128, 512, /home/gsmalik/work/hoplite-ml/bench/random_6x6-1.dat, 0.03, 15, 128, cuda, graph_sage_class_reg_hybrid, 52.0, 63.126770973205566
6, 128, 512, /home/gsmalik/work/hoplite-ml/bench/random_6x6-1.dat, 0.03, 15, 128, cpu, graph_sage_class_reg, 126.0, 160.0745017528534
6, 128, 512, /home/gsmalik/work/hoplite-ml/bench/random_6x6-1.dat, 0.03, 15, 128, cpu, graph_sage_class_reg_hybrid, 52.0, 208.33197283744812
6, 128, 512, /home/gsmalik/work/hoplite-ml/bench/random_6x6-1.dat, 0.03, 20, 64, cuda, graph_sage_class_reg, 132.0, 9.296209335327148
6, 128, 512, /home/gsmalik/work/hoplite-ml/bench/random_6x6-1.dat, 0.03, 20, 64, cuda, graph_sage_class_reg_hybrid, 52.0, 57.49995160102844
6, 128, 512, /home/gsmalik/work/hoplite-ml/bench/random_6x6-1.dat, 0.03, 20, 64, cpu, graph_sage_class_reg, 132.0, 85.4486198425293
6, 128, 512, /home/gsmalik/work/hoplite-ml/bench/random_6x6-1.dat, 0.03, 20, 64, cpu, graph_sage_class_reg_hybrid, 52.0, 133.7730884552002
6, 128, 512, /home/gsmalik/work/hoplite-ml/bench/random_6x6-1.dat, 0.05, 0, 0, cpu, qor, 40.0, 192.20832896232605
6, 128, 512, /home/gsmalik/work/hoplite-ml/bench/random_6x6-1.dat, 0.05, 10, 256, cuda, graph_sage_class_reg, 126.0, 26.50611114501953
6, 128, 512, /home/gsmalik/work/hoplite-ml/bench/random_6x6-1.dat, 0.05, 10, 256, cuda, graph_sage_class_reg_hybrid, 40.0, 74.67662000656128
6, 128, 512, /home/gsmalik/work/hoplite-ml/bench/random_6x6-1.dat, 0.05, 10, 256, cpu, graph_sage_class_reg, 126.0, 297.47840762138367
6, 128, 512, /home/gsmalik/work/hoplite-ml/bench/random_6x6-1.dat, 0.05, 10, 256, cpu, graph_sage_class_reg_hybrid, 40.0, 345.52602553367615
6, 128, 512, /home/gsmalik/work/hoplite-ml/bench/random_6x6-1.dat, 0.05, 15, 128, cuda, graph_sage_class_reg, 82.0, 14.9413902759552
6, 128, 512, /home/gsmalik/work/hoplite-ml/bench/random_6x6-1.dat, 0.05, 15, 128, cuda, graph_sage_class_reg_hybrid, 40.0, 62.960867404937744
6, 128, 512, /home/gsmalik/work/hoplite-ml/bench/random_6x6-1.dat, 0.05, 15, 128, cpu, graph_sage_class_reg, 82.0, 162.9879584312439
6, 128, 512, /home/gsmalik/work/hoplite-ml/bench/random_6x6-1.dat, 0.05, 15, 128, cpu, graph_sage_class_reg_hybrid, 40.0, 210.96275210380554
6, 128, 512, /home/gsmalik/work/hoplite-ml/bench/random_6x6-1.dat, 0.05, 20, 64, cuda, graph_sage_class_reg, 126.0, 9.29918360710144
6, 128, 512, /home/gsmalik/work/hoplite-ml/bench/random_6x6-1.dat, 0.05, 20, 64, cuda, graph_sage_class_reg_hybrid, 40.0, 57.426488399505615
6, 128, 512, /home/gsmalik/work/hoplite-ml/bench/random_6x6-1.dat, 0.05, 20, 64, cpu, graph_sage_class_reg, 126.0, 83.70619225502014
6, 128, 512, /home/gsmalik/work/hoplite-ml/bench/random_6x6-1.dat, 0.05, 20, 64, cpu, graph_sage_class_reg_hybrid, 40.0, 131.80971932411194
6, 128, 512, /home/gsmalik/work/hoplite-ml/bench/random_6x6-1.dat, 0.07, 0, 0, cpu, qor, 40.0, 192.32974076271057
6, 128, 512, /home/gsmalik/work/hoplite-ml/bench/random_6x6-1.dat, 0.07, 10, 256, cuda, graph_sage_class_reg, 232.0, 26.521483182907104
6, 128, 512, /home/gsmalik/work/hoplite-ml/bench/random_6x6-1.dat, 0.07, 10, 256, cuda, graph_sage_class_reg_hybrid, 40.0, 74.4472918510437
6, 128, 512, /home/gsmalik/work/hoplite-ml/bench/random_6x6-1.dat, 0.07, 10, 256, cpu, graph_sage_class_reg, 232.0, 300.98816204071045
6, 128, 512, /home/gsmalik/work/hoplite-ml/bench/random_6x6-1.dat, 0.07, 10, 256, cpu, graph_sage_class_reg_hybrid, 40.0, 348.8345694541931
6, 128, 512, /home/gsmalik/work/hoplite-ml/bench/random_6x6-1.dat, 0.07, 15, 128, cuda, graph_sage_class_reg, 91.0, 14.966093063354492
6, 128, 512, /home/gsmalik/work/hoplite-ml/bench/random_6x6-1.dat, 0.07, 15, 128, cuda, graph_sage_class_reg_hybrid, 40.0, 62.59290051460266
6, 128, 512, /home/gsmalik/work/hoplite-ml/bench/random_6x6-1.dat, 0.07, 15, 128, cpu, graph_sage_class_reg, 91.0, 161.65859055519104
6, 128, 512, /home/gsmalik/work/hoplite-ml/bench/random_6x6-1.dat, 0.07, 15, 128, cpu, graph_sage_class_reg_hybrid, 40.0, 209.564697265625
6, 128, 512, /home/gsmalik/work/hoplite-ml/bench/random_6x6-1.dat, 0.07, 20, 64, cuda, graph_sage_class_reg, 62.0, 9.299815654754639
6, 128, 512, /home/gsmalik/work/hoplite-ml/bench/random_6x6-1.dat, 0.07, 20, 64, cuda, graph_sage_class_reg_hybrid, 40.0, 57.207629442214966
6, 128, 512, /home/gsmalik/work/hoplite-ml/bench/random_6x6-1.dat, 0.07, 20, 64, cpu, graph_sage_class_reg, 62.0, 83.74591898918152
6, 128, 512, /home/gsmalik/work/hoplite-ml/bench/random_6x6-1.dat, 0.07, 20, 64, cpu, graph_sage_class_reg_hybrid, 40.0, 131.56564116477966
6, 128, 512, /home/gsmalik/work/hoplite-ml/bench/random_6x6-1.dat, 0.09, 0, 0, cpu, qor, 52.0, 191.30269145965576
6, 128, 512, /home/gsmalik/work/hoplite-ml/bench/random_6x6-1.dat, 0.09, 10, 256, cuda, graph_sage_class_reg, 2619.0, 26.519598484039307
6, 128, 512, /home/gsmalik/work/hoplite-ml/bench/random_6x6-1.dat, 0.09, 10, 256, cuda, graph_sage_class_reg_hybrid, 52.0, 74.2151427268982
6, 128, 512, /home/gsmalik/work/hoplite-ml/bench/random_6x6-1.dat, 0.09, 10, 256, cpu, graph_sage_class_reg, 2619.0, 302.11539244651794
6, 128, 512, /home/gsmalik/work/hoplite-ml/bench/random_6x6-1.dat, 0.09, 10, 256, cpu, graph_sage_class_reg_hybrid, 52.0, 349.7786295413971
6, 128, 512, /home/gsmalik/work/hoplite-ml/bench/random_6x6-1.dat, 0.09, 15, 128, cuda, graph_sage_class_reg, 82.0, 14.955122232437134
6, 128, 512, /home/gsmalik/work/hoplite-ml/bench/random_6x6-1.dat, 0.09, 15, 128, cuda, graph_sage_class_reg_hybrid, 52.0, 62.410635232925415
6, 128, 512, /home/gsmalik/work/hoplite-ml/bench/random_6x6-1.dat, 0.09, 15, 128, cpu, graph_sage_class_reg, 82.0, 158.8989245891571
6, 128, 512, /home/gsmalik/work/hoplite-ml/bench/random_6x6-1.dat, 0.09, 15, 128, cpu, graph_sage_class_reg_hybrid, 52.0, 206.65441274642944
6, 128, 512, /home/gsmalik/work/hoplite-ml/bench/random_6x6-1.dat, 0.09, 20, 64, cuda, graph_sage_class_reg, 100000000, 9.272496938705444
6, 128, 512, /home/gsmalik/work/hoplite-ml/bench/random_6x6-1.dat, 0.09, 20, 64, cuda, graph_sage_class_reg_hybrid, 52.0, 57.02144765853882
6, 128, 512, /home/gsmalik/work/hoplite-ml/bench/random_6x6-1.dat, 0.09, 20, 64, cpu, graph_sage_class_reg, 100000000, 85.5397117137909
6, 128, 512, /home/gsmalik/work/hoplite-ml/bench/random_6x6-1.dat, 0.09, 20, 64, cpu, graph_sage_class_reg_hybrid, 52.0, 133.24107575416565
7, 128, 512, /home/gsmalik/work/hoplite-ml/bench/random_7x7-1.dat, 0.01, 0, 0, cpu, qor, 120.0, 192.3702414035797
7, 128, 512, /home/gsmalik/work/hoplite-ml/bench/random_7x7-1.dat, 0.01, 10, 256, cuda, graph_sage_class_reg, 153.0, 37.03590488433838
7, 128, 512, /home/gsmalik/work/hoplite-ml/bench/random_7x7-1.dat, 0.01, 10, 256, cuda, graph_sage_class_reg_hybrid, 120.0, 85.365398645401
7, 128, 512, /home/gsmalik/work/hoplite-ml/bench/random_7x7-1.dat, 0.01, 10, 256, cpu, graph_sage_class_reg, 153.0, 418.721626996994
7, 128, 512, /home/gsmalik/work/hoplite-ml/bench/random_7x7-1.dat, 0.01, 10, 256, cpu, graph_sage_class_reg_hybrid, 120.0, 466.82712602615356
7, 128, 512, /home/gsmalik/work/hoplite-ml/bench/random_7x7-1.dat, 0.01, 15, 128, cuda, graph_sage_class_reg, 157.0, 22.03616189956665
7, 128, 512, /home/gsmalik/work/hoplite-ml/bench/random_7x7-1.dat, 0.01, 15, 128, cuda, graph_sage_class_reg_hybrid, 120.0, 70.3040497303009
7, 128, 512, /home/gsmalik/work/hoplite-ml/bench/random_7x7-1.dat, 0.01, 15, 128, cpu, graph_sage_class_reg, 157.0, 229.24808168411255
7, 128, 512, /home/gsmalik/work/hoplite-ml/bench/random_7x7-1.dat, 0.01, 15, 128, cpu, graph_sage_class_reg_hybrid, 120.0, 277.38260531425476
7, 128, 512, /home/gsmalik/work/hoplite-ml/bench/random_7x7-1.dat, 0.01, 20, 64, cuda, graph_sage_class_reg, 141.0, 13.80156683921814
7, 128, 512, /home/gsmalik/work/hoplite-ml/bench/random_7x7-1.dat, 0.01, 20, 64, cuda, graph_sage_class_reg_hybrid, 120.0, 61.82931447029114
7, 128, 512, /home/gsmalik/work/hoplite-ml/bench/random_7x7-1.dat, 0.01, 20, 64, cpu, graph_sage_class_reg, 141.0, 111.94399404525757
7, 128, 512, /home/gsmalik/work/hoplite-ml/bench/random_7x7-1.dat, 0.01, 20, 64, cpu, graph_sage_class_reg_hybrid, 120.0, 160.23870611190796
7, 128, 512, /home/gsmalik/work/hoplite-ml/bench/random_7x7-1.dat, 0.03, 0, 0, cpu, qor, 55.0, 191.7726001739502
7, 128, 512, /home/gsmalik/work/hoplite-ml/bench/random_7x7-1.dat, 0.03, 10, 256, cuda, graph_sage_class_reg, 118.0, 37.03462791442871
7, 128, 512, /home/gsmalik/work/hoplite-ml/bench/random_7x7-1.dat, 0.03, 10, 256, cuda, graph_sage_class_reg_hybrid, 55.0, 85.11617875099182
7, 128, 512, /home/gsmalik/work/hoplite-ml/bench/random_7x7-1.dat, 0.03, 10, 256, cpu, graph_sage_class_reg, 118.0, 418.7491593360901
7, 128, 512, /home/gsmalik/work/hoplite-ml/bench/random_7x7-1.dat, 0.03, 10, 256, cpu, graph_sage_class_reg_hybrid, 55.0, 466.98191499710083
7, 128, 512, /home/gsmalik/work/hoplite-ml/bench/random_7x7-1.dat, 0.03, 15, 128, cuda, graph_sage_class_reg, 116.0, 22.039119243621826
7, 128, 512, /home/gsmalik/work/hoplite-ml/bench/random_7x7-1.dat, 0.03, 15, 128, cuda, graph_sage_class_reg_hybrid, 55.0, 70.14922761917114
7, 128, 512, /home/gsmalik/work/hoplite-ml/bench/random_7x7-1.dat, 0.03, 15, 128, cpu, graph_sage_class_reg, 116.0, 226.29779481887817
7, 128, 512, /home/gsmalik/work/hoplite-ml/bench/random_7x7-1.dat, 0.03, 15, 128, cpu, graph_sage_class_reg_hybrid, 55.0, 274.3908677101135
7, 128, 512, /home/gsmalik/work/hoplite-ml/bench/random_7x7-1.dat, 0.03, 20, 64, cuda, graph_sage_class_reg, 122.0, 13.834615707397461
7, 128, 512, /home/gsmalik/work/hoplite-ml/bench/random_7x7-1.dat, 0.03, 20, 64, cuda, graph_sage_class_reg_hybrid, 55.0, 61.90890192985535
7, 128, 512, /home/gsmalik/work/hoplite-ml/bench/random_7x7-1.dat, 0.03, 20, 64, cpu, graph_sage_class_reg, 122.0, 111.40280175209045
7, 128, 512, /home/gsmalik/work/hoplite-ml/bench/random_7x7-1.dat, 0.03, 20, 64, cpu, graph_sage_class_reg_hybrid, 55.0, 159.48883199691772
7, 128, 512, /home/gsmalik/work/hoplite-ml/bench/random_7x7-1.dat, 0.05, 0, 0, cpu, qor, 44.0, 192.68515181541443
7, 128, 512, /home/gsmalik/work/hoplite-ml/bench/random_7x7-1.dat, 0.05, 10, 256, cuda, graph_sage_class_reg, 82.0, 37.046502351760864
7, 128, 512, /home/gsmalik/work/hoplite-ml/bench/random_7x7-1.dat, 0.05, 10, 256, cuda, graph_sage_class_reg_hybrid, 44.0, 85.1452305316925
7, 128, 512, /home/gsmalik/work/hoplite-ml/bench/random_7x7-1.dat, 0.05, 10, 256, cpu, graph_sage_class_reg, 82.0, 417.51696848869324
7, 128, 512, /home/gsmalik/work/hoplite-ml/bench/random_7x7-1.dat, 0.05, 10, 256, cpu, graph_sage_class_reg_hybrid, 44.0, 465.6158308982849
7, 128, 512, /home/gsmalik/work/hoplite-ml/bench/random_7x7-1.dat, 0.05, 15, 128, cuda, graph_sage_class_reg, 112.0, 22.025259256362915
7, 128, 512, /home/gsmalik/work/hoplite-ml/bench/random_7x7-1.dat, 0.05, 15, 128, cuda, graph_sage_class_reg_hybrid, 44.0, 69.9487042427063
7, 128, 512, /home/gsmalik/work/hoplite-ml/bench/random_7x7-1.dat, 0.05, 15, 128, cpu, graph_sage_class_reg, 112.0, 225.83500385284424
7, 128, 512, /home/gsmalik/work/hoplite-ml/bench/random_7x7-1.dat, 0.05, 15, 128, cpu, graph_sage_class_reg_hybrid, 44.0, 273.8404805660248
7, 128, 512, /home/gsmalik/work/hoplite-ml/bench/random_7x7-1.dat, 0.05, 20, 64, cuda, graph_sage_class_reg, 83.0, 13.844859600067139
7, 128, 512, /home/gsmalik/work/hoplite-ml/bench/random_7x7-1.dat, 0.05, 20, 64, cuda, graph_sage_class_reg_hybrid, 44.0, 61.76421332359314
7, 128, 512, /home/gsmalik/work/hoplite-ml/bench/random_7x7-1.dat, 0.05, 20, 64, cpu, graph_sage_class_reg, 83.0, 111.67326211929321
7, 128, 512, /home/gsmalik/work/hoplite-ml/bench/random_7x7-1.dat, 0.05, 20, 64, cpu, graph_sage_class_reg_hybrid, 44.0, 159.59944581985474
7, 128, 512, /home/gsmalik/work/hoplite-ml/bench/random_7x7-1.dat, 0.07, 0, 0, cpu, qor, 49.0, 191.52315425872803
7, 128, 512, /home/gsmalik/work/hoplite-ml/bench/random_7x7-1.dat, 0.07, 10, 256, cuda, graph_sage_class_reg, 465.0, 37.04817271232605
7, 128, 512, /home/gsmalik/work/hoplite-ml/bench/random_7x7-1.dat, 0.07, 10, 256, cuda, graph_sage_class_reg_hybrid, 49.0, 85.03381443023682
7, 128, 512, /home/gsmalik/work/hoplite-ml/bench/random_7x7-1.dat, 0.07, 10, 256, cpu, graph_sage_class_reg, 465.0, 419.24519062042236
7, 128, 512, /home/gsmalik/work/hoplite-ml/bench/random_7x7-1.dat, 0.07, 10, 256, cpu, graph_sage_class_reg_hybrid, 49.0, 467.1200342178345
7, 128, 512, /home/gsmalik/work/hoplite-ml/bench/random_7x7-1.dat, 0.07, 15, 128, cuda, graph_sage_class_reg, 81.0, 22.04045009613037
7, 128, 512, /home/gsmalik/work/hoplite-ml/bench/random_7x7-1.dat, 0.07, 15, 128, cuda, graph_sage_class_reg_hybrid, 49.0, 69.985848903656
7, 128, 512, /home/gsmalik/work/hoplite-ml/bench/random_7x7-1.dat, 0.07, 15, 128, cpu, graph_sage_class_reg, 81.0, 222.3588743209839
7, 128, 512, /home/gsmalik/work/hoplite-ml/bench/random_7x7-1.dat, 0.07, 15, 128, cpu, graph_sage_class_reg_hybrid, 49.0, 270.2820520401001
7, 128, 512, /home/gsmalik/work/hoplite-ml/bench/random_7x7-1.dat, 0.07, 20, 64, cuda, graph_sage_class_reg, 147.0, 13.852322816848755
7, 128, 512, /home/gsmalik/work/hoplite-ml/bench/random_7x7-1.dat, 0.07, 20, 64, cuda, graph_sage_class_reg_hybrid, 49.0, 61.67952060699463
7, 128, 512, /home/gsmalik/work/hoplite-ml/bench/random_7x7-1.dat, 0.07, 20, 64, cpu, graph_sage_class_reg, 147.0, 111.30594611167908
7, 128, 512, /home/gsmalik/work/hoplite-ml/bench/random_7x7-1.dat, 0.07, 20, 64, cpu, graph_sage_class_reg_hybrid, 49.0, 159.2910497188568
7, 128, 512, /home/gsmalik/work/hoplite-ml/bench/random_7x7-1.dat, 0.09, 0, 0, cpu, qor, 75.0, 191.60537147521973
7, 128, 512, /home/gsmalik/work/hoplite-ml/bench/random_7x7-1.dat, 0.09, 10, 256, cuda, graph_sage_class_reg, 75.0, 37.03989863395691
7, 128, 512, /home/gsmalik/work/hoplite-ml/bench/random_7x7-1.dat, 0.09, 10, 256, cuda, graph_sage_class_reg_hybrid, 75.0, 84.53826785087585
7, 128, 512, /home/gsmalik/work/hoplite-ml/bench/random_7x7-1.dat, 0.09, 10, 256, cpu, graph_sage_class_reg, 75.0, 419.42612767219543
7, 128, 512, /home/gsmalik/work/hoplite-ml/bench/random_7x7-1.dat, 0.09, 10, 256, cpu, graph_sage_class_reg_hybrid, 75.0, 467.37009477615356
7, 128, 512, /home/gsmalik/work/hoplite-ml/bench/random_7x7-1.dat, 0.09, 15, 128, cuda, graph_sage_class_reg, 132.0, 22.033394813537598
7, 128, 512, /home/gsmalik/work/hoplite-ml/bench/random_7x7-1.dat, 0.09, 15, 128, cuda, graph_sage_class_reg_hybrid, 75.0, 69.78545022010803
7, 128, 512, /home/gsmalik/work/hoplite-ml/bench/random_7x7-1.dat, 0.09, 15, 128, cpu, graph_sage_class_reg, 132.0, 224.51922941207886
7, 128, 512, /home/gsmalik/work/hoplite-ml/bench/random_7x7-1.dat, 0.09, 15, 128, cpu, graph_sage_class_reg_hybrid, 75.0, 272.3210594654083
7, 128, 512, /home/gsmalik/work/hoplite-ml/bench/random_7x7-1.dat, 0.09, 20, 64, cuda, graph_sage_class_reg, 132.0, 13.824312210083008
7, 128, 512, /home/gsmalik/work/hoplite-ml/bench/random_7x7-1.dat, 0.09, 20, 64, cuda, graph_sage_class_reg_hybrid, 75.0, 61.61712980270386
7, 128, 512, /home/gsmalik/work/hoplite-ml/bench/random_7x7-1.dat, 0.09, 20, 64, cpu, graph_sage_class_reg, 132.0, 113.87733912467957
7, 128, 512, /home/gsmalik/work/hoplite-ml/bench/random_7x7-1.dat, 0.09, 20, 64, cpu, graph_sage_class_reg_hybrid, 75.0, 161.56941533088684
3, 128, 512, /home/gsmalik/work/hoplite-ml/bench/local_3x3-1.dat, 0.01, 0, 0, cpu, qor, 107.0, 185.63760328292847
3, 128, 512, /home/gsmalik/work/hoplite-ml/bench/local_3x3-1.dat, 0.01, 10, 256, cuda, graph_sage_class_reg, 108.0, 5.219996452331543
3, 128, 512, /home/gsmalik/work/hoplite-ml/bench/local_3x3-1.dat, 0.01, 10, 256, cuda, graph_sage_class_reg_hybrid, 107.0, 51.687543630599976
3, 128, 512, /home/gsmalik/work/hoplite-ml/bench/local_3x3-1.dat, 0.01, 10, 256, cpu, graph_sage_class_reg, 108.0, 73.38478136062622
3, 128, 512, /home/gsmalik/work/hoplite-ml/bench/local_3x3-1.dat, 0.01, 10, 256, cpu, graph_sage_class_reg_hybrid, 107.0, 119.78328704833984
3, 128, 512, /home/gsmalik/work/hoplite-ml/bench/local_3x3-1.dat, 0.01, 15, 128, cuda, graph_sage_class_reg, 107.0, 3.670963764190674
3, 128, 512, /home/gsmalik/work/hoplite-ml/bench/local_3x3-1.dat, 0.01, 15, 128, cuda, graph_sage_class_reg_hybrid, 107.0, 50.15453052520752
3, 128, 512, /home/gsmalik/work/hoplite-ml/bench/local_3x3-1.dat, 0.01, 15, 128, cpu, graph_sage_class_reg, 107.0, 41.59314155578613
3, 128, 512, /home/gsmalik/work/hoplite-ml/bench/local_3x3-1.dat, 0.01, 15, 128, cpu, graph_sage_class_reg_hybrid, 107.0, 87.72727584838867
3, 128, 512, /home/gsmalik/work/hoplite-ml/bench/local_3x3-1.dat, 0.01, 20, 64, cuda, graph_sage_class_reg, 107.0, 4.810279607772827
3, 128, 512, /home/gsmalik/work/hoplite-ml/bench/local_3x3-1.dat, 0.01, 20, 64, cuda, graph_sage_class_reg_hybrid, 107.0, 51.30877423286438
3, 128, 512, /home/gsmalik/work/hoplite-ml/bench/local_3x3-1.dat, 0.01, 20, 64, cpu, graph_sage_class_reg, 107.0, 32.76818060874939
3, 128, 512, /home/gsmalik/work/hoplite-ml/bench/local_3x3-1.dat, 0.01, 20, 64, cpu, graph_sage_class_reg_hybrid, 107.0, 79.03680372238159
3, 128, 512, /home/gsmalik/work/hoplite-ml/bench/local_3x3-1.dat, 0.03, 0, 0, cpu, qor, 41.0, 185.915043592453
3, 128, 512, /home/gsmalik/work/hoplite-ml/bench/local_3x3-1.dat, 0.03, 10, 256, cuda, graph_sage_class_reg, 41.0, 5.238261699676514
3, 128, 512, /home/gsmalik/work/hoplite-ml/bench/local_3x3-1.dat, 0.03, 10, 256, cuda, graph_sage_class_reg_hybrid, 41.0, 51.56833624839783
3, 128, 512, /home/gsmalik/work/hoplite-ml/bench/local_3x3-1.dat, 0.03, 10, 256, cpu, graph_sage_class_reg, 41.0, 73.03848052024841
3, 128, 512, /home/gsmalik/work/hoplite-ml/bench/local_3x3-1.dat, 0.03, 10, 256, cpu, graph_sage_class_reg_hybrid, 41.0, 119.35526633262634
3, 128, 512, /home/gsmalik/work/hoplite-ml/bench/local_3x3-1.dat, 0.03, 15, 128, cuda, graph_sage_class_reg, 41.0, 3.6736621856689453
3, 128, 512, /home/gsmalik/work/hoplite-ml/bench/local_3x3-1.dat, 0.03, 15, 128, cuda, graph_sage_class_reg_hybrid, 41.0, 50.10937857627869
3, 128, 512, /home/gsmalik/work/hoplite-ml/bench/local_3x3-1.dat, 0.03, 15, 128, cpu, graph_sage_class_reg, 41.0, 45.21523690223694
3, 128, 512, /home/gsmalik/work/hoplite-ml/bench/local_3x3-1.dat, 0.03, 15, 128, cpu, graph_sage_class_reg_hybrid, 41.0, 91.53294658660889
3, 128, 512, /home/gsmalik/work/hoplite-ml/bench/local_3x3-1.dat, 0.03, 20, 64, cuda, graph_sage_class_reg, 41.0, 4.81884765625
3, 128, 512, /home/gsmalik/work/hoplite-ml/bench/local_3x3-1.dat, 0.03, 20, 64, cuda, graph_sage_class_reg_hybrid, 41.0, 51.18779969215393
3, 128, 512, /home/gsmalik/work/hoplite-ml/bench/local_3x3-1.dat, 0.03, 20, 64, cpu, graph_sage_class_reg, 41.0, 31.276511192321777
3, 128, 512, /home/gsmalik/work/hoplite-ml/bench/local_3x3-1.dat, 0.03, 20, 64, cpu, graph_sage_class_reg_hybrid, 41.0, 77.8223352432251
3, 128, 512, /home/gsmalik/work/hoplite-ml/bench/local_3x3-1.dat, 0.05, 0, 0, cpu, qor, 27.0, 185.52269339561462
3, 128, 512, /home/gsmalik/work/hoplite-ml/bench/local_3x3-1.dat, 0.05, 10, 256, cuda, graph_sage_class_reg, 28.0, 5.23193621635437
3, 128, 512, /home/gsmalik/work/hoplite-ml/bench/local_3x3-1.dat, 0.05, 10, 256, cuda, graph_sage_class_reg_hybrid, 27.0, 51.63292837142944
3, 128, 512, /home/gsmalik/work/hoplite-ml/bench/local_3x3-1.dat, 0.05, 10, 256, cpu, graph_sage_class_reg, 28.0, 69.86081171035767
3, 128, 512, /home/gsmalik/work/hoplite-ml/bench/local_3x3-1.dat, 0.05, 10, 256, cpu, graph_sage_class_reg_hybrid, 27.0, 116.24628400802612
3, 128, 512, /home/gsmalik/work/hoplite-ml/bench/local_3x3-1.dat, 0.05, 15, 128, cuda, graph_sage_class_reg, 28.0, 3.6920554637908936
3, 128, 512, /home/gsmalik/work/hoplite-ml/bench/local_3x3-1.dat, 0.05, 15, 128, cuda, graph_sage_class_reg_hybrid, 27.0, 49.89776682853699
3, 128, 512, /home/gsmalik/work/hoplite-ml/bench/local_3x3-1.dat, 0.05, 15, 128, cpu, graph_sage_class_reg, 28.0, 43.54850792884827
3, 128, 512, /home/gsmalik/work/hoplite-ml/bench/local_3x3-1.dat, 0.05, 15, 128, cpu, graph_sage_class_reg_hybrid, 27.0, 89.89464235305786
3, 128, 512, /home/gsmalik/work/hoplite-ml/bench/local_3x3-1.dat, 0.05, 20, 64, cuda, graph_sage_class_reg, 28.0, 4.800511598587036
3, 128, 512, /home/gsmalik/work/hoplite-ml/bench/local_3x3-1.dat, 0.05, 20, 64, cuda, graph_sage_class_reg_hybrid, 27.0, 51.17674684524536
3, 128, 512, /home/gsmalik/work/hoplite-ml/bench/local_3x3-1.dat, 0.05, 20, 64, cpu, graph_sage_class_reg, 28.0, 33.62207555770874
3, 128, 512, /home/gsmalik/work/hoplite-ml/bench/local_3x3-1.dat, 0.05, 20, 64, cpu, graph_sage_class_reg_hybrid, 27.0, 79.99811887741089
3, 128, 512, /home/gsmalik/work/hoplite-ml/bench/local_3x3-1.dat, 0.07, 0, 0, cpu, qor, 23.0, 185.5646677017212
3, 128, 512, /home/gsmalik/work/hoplite-ml/bench/local_3x3-1.dat, 0.07, 10, 256, cuda, graph_sage_class_reg, 23.0, 5.234344482421875
3, 128, 512, /home/gsmalik/work/hoplite-ml/bench/local_3x3-1.dat, 0.07, 10, 256, cuda, graph_sage_class_reg_hybrid, 23.0, 51.73202729225159
3, 128, 512, /home/gsmalik/work/hoplite-ml/bench/local_3x3-1.dat, 0.07, 10, 256, cpu, graph_sage_class_reg, 23.0, 71.42057776451111
3, 128, 512, /home/gsmalik/work/hoplite-ml/bench/local_3x3-1.dat, 0.07, 10, 256, cpu, graph_sage_class_reg_hybrid, 23.0, 117.70610475540161
3, 128, 512, /home/gsmalik/work/hoplite-ml/bench/local_3x3-1.dat, 0.07, 15, 128, cuda, graph_sage_class_reg, 23.0, 3.7073092460632324
3, 128, 512, /home/gsmalik/work/hoplite-ml/bench/local_3x3-1.dat, 0.07, 15, 128, cuda, graph_sage_class_reg_hybrid, 23.0, 50.14337086677551
3, 128, 512, /home/gsmalik/work/hoplite-ml/bench/local_3x3-1.dat, 0.07, 15, 128, cpu, graph_sage_class_reg, 23.0, 42.392682790756226
3, 128, 512, /home/gsmalik/work/hoplite-ml/bench/local_3x3-1.dat, 0.07, 15, 128, cpu, graph_sage_class_reg_hybrid, 23.0, 88.54345512390137
3, 128, 512, /home/gsmalik/work/hoplite-ml/bench/local_3x3-1.dat, 0.07, 20, 64, cuda, graph_sage_class_reg, 23.0, 4.845096588134766
3, 128, 512, /home/gsmalik/work/hoplite-ml/bench/local_3x3-1.dat, 0.07, 20, 64, cuda, graph_sage_class_reg_hybrid, 23.0, 51.198148012161255
3, 128, 512, /home/gsmalik/work/hoplite-ml/bench/local_3x3-1.dat, 0.07, 20, 64, cpu, graph_sage_class_reg, 23.0, 31.797679901123047
3, 128, 512, /home/gsmalik/work/hoplite-ml/bench/local_3x3-1.dat, 0.07, 20, 64, cpu, graph_sage_class_reg_hybrid, 23.0, 78.23182725906372
3, 128, 512, /home/gsmalik/work/hoplite-ml/bench/local_3x3-1.dat, 0.09, 0, 0, cpu, qor, 20.0, 185.37462067604065
3, 128, 512, /home/gsmalik/work/hoplite-ml/bench/local_3x3-1.dat, 0.09, 10, 256, cuda, graph_sage_class_reg, 20.0, 5.225637912750244
3, 128, 512, /home/gsmalik/work/hoplite-ml/bench/local_3x3-1.dat, 0.09, 10, 256, cuda, graph_sage_class_reg_hybrid, 20.0, 51.469584703445435
3, 128, 512, /home/gsmalik/work/hoplite-ml/bench/local_3x3-1.dat, 0.09, 10, 256, cpu, graph_sage_class_reg, 20.0, 72.05067372322083
3, 128, 512, /home/gsmalik/work/hoplite-ml/bench/local_3x3-1.dat, 0.09, 10, 256, cpu, graph_sage_class_reg_hybrid, 20.0, 118.41375470161438
3, 128, 512, /home/gsmalik/work/hoplite-ml/bench/local_3x3-1.dat, 0.09, 15, 128, cuda, graph_sage_class_reg, 20.0, 3.668043851852417
3, 128, 512, /home/gsmalik/work/hoplite-ml/bench/local_3x3-1.dat, 0.09, 15, 128, cuda, graph_sage_class_reg_hybrid, 20.0, 50.038657903671265
3, 128, 512, /home/gsmalik/work/hoplite-ml/bench/local_3x3-1.dat, 0.09, 15, 128, cpu, graph_sage_class_reg, 20.0, 42.83774256706238
3, 128, 512, /home/gsmalik/work/hoplite-ml/bench/local_3x3-1.dat, 0.09, 15, 128, cpu, graph_sage_class_reg_hybrid, 20.0, 89.26767444610596
3, 128, 512, /home/gsmalik/work/hoplite-ml/bench/local_3x3-1.dat, 0.09, 20, 64, cuda, graph_sage_class_reg, 20.0, 4.824871778488159
3, 128, 512, /home/gsmalik/work/hoplite-ml/bench/local_3x3-1.dat, 0.09, 20, 64, cuda, graph_sage_class_reg_hybrid, 20.0, 51.190807819366455
3, 128, 512, /home/gsmalik/work/hoplite-ml/bench/local_3x3-1.dat, 0.09, 20, 64, cpu, graph_sage_class_reg, 20.0, 32.47767949104309
3, 128, 512, /home/gsmalik/work/hoplite-ml/bench/local_3x3-1.dat, 0.09, 20, 64, cpu, graph_sage_class_reg_hybrid, 20.0, 78.76183819770813
4, 128, 512, /home/gsmalik/work/hoplite-ml/bench/local_4x4-1.dat, 0.01, 0, 0, cpu, qor, 111.0, 185.94339084625244
4, 128, 512, /home/gsmalik/work/hoplite-ml/bench/local_4x4-1.dat, 0.01, 10, 256, cuda, graph_sage_class_reg, 120.0, 9.79513430595398
4, 128, 512, /home/gsmalik/work/hoplite-ml/bench/local_4x4-1.dat, 0.01, 10, 256, cuda, graph_sage_class_reg_hybrid, 111.0, 56.2985417842865
4, 128, 512, /home/gsmalik/work/hoplite-ml/bench/local_4x4-1.dat, 0.01, 10, 256, cpu, graph_sage_class_reg, 120.0, 128.8664584159851
4, 128, 512, /home/gsmalik/work/hoplite-ml/bench/local_4x4-1.dat, 0.01, 10, 256, cpu, graph_sage_class_reg_hybrid, 111.0, 175.33869671821594
4, 128, 512, /home/gsmalik/work/hoplite-ml/bench/local_4x4-1.dat, 0.01, 15, 128, cuda, graph_sage_class_reg, 122.0, 5.895058870315552
4, 128, 512, /home/gsmalik/work/hoplite-ml/bench/local_4x4-1.dat, 0.01, 15, 128, cuda, graph_sage_class_reg_hybrid, 111.0, 52.33215689659119
4, 128, 512, /home/gsmalik/work/hoplite-ml/bench/local_4x4-1.dat, 0.01, 15, 128, cpu, graph_sage_class_reg, 122.0, 71.21251559257507
4, 128, 512, /home/gsmalik/work/hoplite-ml/bench/local_4x4-1.dat, 0.01, 15, 128, cpu, graph_sage_class_reg_hybrid, 111.0, 117.61478686332703
4, 128, 512, /home/gsmalik/work/hoplite-ml/bench/local_4x4-1.dat, 0.01, 20, 64, cuda, graph_sage_class_reg, 111.0, 4.830152750015259
4, 128, 512, /home/gsmalik/work/hoplite-ml/bench/local_4x4-1.dat, 0.01, 20, 64, cuda, graph_sage_class_reg_hybrid, 111.0, 51.39567232131958
4, 128, 512, /home/gsmalik/work/hoplite-ml/bench/local_4x4-1.dat, 0.01, 20, 64, cpu, graph_sage_class_reg, 111.0, 42.607836961746216
4, 128, 512, /home/gsmalik/work/hoplite-ml/bench/local_4x4-1.dat, 0.01, 20, 64, cpu, graph_sage_class_reg_hybrid, 111.0, 89.08850574493408
4, 128, 512, /home/gsmalik/work/hoplite-ml/bench/local_4x4-1.dat, 0.03, 0, 0, cpu, qor, 45.0, 185.6472270488739
4, 128, 512, /home/gsmalik/work/hoplite-ml/bench/local_4x4-1.dat, 0.03, 10, 256, cuda, graph_sage_class_reg, 54.0, 9.814112663269043
4, 128, 512, /home/gsmalik/work/hoplite-ml/bench/local_4x4-1.dat, 0.03, 10, 256, cuda, graph_sage_class_reg_hybrid, 45.0, 56.44528388977051
4, 128, 512, /home/gsmalik/work/hoplite-ml/bench/local_4x4-1.dat, 0.03, 10, 256, cpu, graph_sage_class_reg, 54.0, 130.409029006958
4, 128, 512, /home/gsmalik/work/hoplite-ml/bench/local_4x4-1.dat, 0.03, 10, 256, cpu, graph_sage_class_reg_hybrid, 45.0, 176.85404443740845
4, 128, 512, /home/gsmalik/work/hoplite-ml/bench/local_4x4-1.dat, 0.03, 15, 128, cuda, graph_sage_class_reg, 58.0, 5.892447471618652
4, 128, 512, /home/gsmalik/work/hoplite-ml/bench/local_4x4-1.dat, 0.03, 15, 128, cuda, graph_sage_class_reg_hybrid, 45.0, 52.39256954193115
4, 128, 512, /home/gsmalik/work/hoplite-ml/bench/local_4x4-1.dat, 0.03, 15, 128, cpu, graph_sage_class_reg, 58.0, 69.07973718643188
4, 128, 512, /home/gsmalik/work/hoplite-ml/bench/local_4x4-1.dat, 0.03, 15, 128, cpu, graph_sage_class_reg_hybrid, 45.0, 115.48656010627747
4, 128, 512, /home/gsmalik/work/hoplite-ml/bench/local_4x4-1.dat, 0.03, 20, 64, cuda, graph_sage_class_reg, 58.0, 4.84430456161499
4, 128, 512, /home/gsmalik/work/hoplite-ml/bench/local_4x4-1.dat, 0.03, 20, 64, cuda, graph_sage_class_reg_hybrid, 45.0, 51.46207332611084
4, 128, 512, /home/gsmalik/work/hoplite-ml/bench/local_4x4-1.dat, 0.03, 20, 64, cpu, graph_sage_class_reg, 58.0, 41.60619020462036
4, 128, 512, /home/gsmalik/work/hoplite-ml/bench/local_4x4-1.dat, 0.03, 20, 64, cpu, graph_sage_class_reg_hybrid, 45.0, 88.13729906082153
4, 128, 512, /home/gsmalik/work/hoplite-ml/bench/local_4x4-1.dat, 0.05, 0, 0, cpu, qor, 31.0, 185.74729442596436
4, 128, 512, /home/gsmalik/work/hoplite-ml/bench/local_4x4-1.dat, 0.05, 10, 256, cuda, graph_sage_class_reg, 43.0, 9.793769121170044
4, 128, 512, /home/gsmalik/work/hoplite-ml/bench/local_4x4-1.dat, 0.05, 10, 256, cuda, graph_sage_class_reg_hybrid, 31.0, 56.32511234283447
4, 128, 512, /home/gsmalik/work/hoplite-ml/bench/local_4x4-1.dat, 0.05, 10, 256, cpu, graph_sage_class_reg, 43.0, 131.72585892677307
4, 128, 512, /home/gsmalik/work/hoplite-ml/bench/local_4x4-1.dat, 0.05, 10, 256, cpu, graph_sage_class_reg_hybrid, 31.0, 178.2010157108307
4, 128, 512, /home/gsmalik/work/hoplite-ml/bench/local_4x4-1.dat, 0.05, 15, 128, cuda, graph_sage_class_reg, 46.0, 5.903148889541626
4, 128, 512, /home/gsmalik/work/hoplite-ml/bench/local_4x4-1.dat, 0.05, 15, 128, cuda, graph_sage_class_reg_hybrid, 31.0, 52.41059350967407
4, 128, 512, /home/gsmalik/work/hoplite-ml/bench/local_4x4-1.dat, 0.05, 15, 128, cpu, graph_sage_class_reg, 46.0, 70.69236350059509
4, 128, 512, /home/gsmalik/work/hoplite-ml/bench/local_4x4-1.dat, 0.05, 15, 128, cpu, graph_sage_class_reg_hybrid, 31.0, 117.23191452026367
4, 128, 512, /home/gsmalik/work/hoplite-ml/bench/local_4x4-1.dat, 0.05, 20, 64, cuda, graph_sage_class_reg, 43.0, 4.821125745773315
4, 128, 512, /home/gsmalik/work/hoplite-ml/bench/local_4x4-1.dat, 0.05, 20, 64, cuda, graph_sage_class_reg_hybrid, 31.0, 51.14705419540405
4, 128, 512, /home/gsmalik/work/hoplite-ml/bench/local_4x4-1.dat, 0.05, 20, 64, cpu, graph_sage_class_reg, 43.0, 42.40289521217346
4, 128, 512, /home/gsmalik/work/hoplite-ml/bench/local_4x4-1.dat, 0.05, 20, 64, cpu, graph_sage_class_reg_hybrid, 31.0, 88.66689705848694
4, 128, 512, /home/gsmalik/work/hoplite-ml/bench/local_4x4-1.dat, 0.07, 0, 0, cpu, qor, 27.0, 186.5155544281006
4, 128, 512, /home/gsmalik/work/hoplite-ml/bench/local_4x4-1.dat, 0.07, 10, 256, cuda, graph_sage_class_reg, 44.0, 9.797282695770264
4, 128, 512, /home/gsmalik/work/hoplite-ml/bench/local_4x4-1.dat, 0.07, 10, 256, cuda, graph_sage_class_reg_hybrid, 27.0, 56.031378507614136
4, 128, 512, /home/gsmalik/work/hoplite-ml/bench/local_4x4-1.dat, 0.07, 10, 256, cpu, graph_sage_class_reg, 44.0, 131.81900763511658
4, 128, 512, /home/gsmalik/work/hoplite-ml/bench/local_4x4-1.dat, 0.07, 10, 256, cpu, graph_sage_class_reg_hybrid, 27.0, 178.16619610786438
4, 128, 512, /home/gsmalik/work/hoplite-ml/bench/local_4x4-1.dat, 0.07, 15, 128, cuda, graph_sage_class_reg, 44.0, 5.880587339401245
4, 128, 512, /home/gsmalik/work/hoplite-ml/bench/local_4x4-1.dat, 0.07, 15, 128, cuda, graph_sage_class_reg_hybrid, 27.0, 52.542630672454834
4, 128, 512, /home/gsmalik/work/hoplite-ml/bench/local_4x4-1.dat, 0.07, 15, 128, cpu, graph_sage_class_reg, 44.0, 69.65409517288208
4, 128, 512, /home/gsmalik/work/hoplite-ml/bench/local_4x4-1.dat, 0.07, 15, 128, cpu, graph_sage_class_reg_hybrid, 27.0, 116.19306564331055
4, 128, 512, /home/gsmalik/work/hoplite-ml/bench/local_4x4-1.dat, 0.07, 20, 64, cuda, graph_sage_class_reg, 36.0, 4.782903671264648
4, 128, 512, /home/gsmalik/work/hoplite-ml/bench/local_4x4-1.dat, 0.07, 20, 64, cuda, graph_sage_class_reg_hybrid, 27.0, 51.07146883010864
4, 128, 512, /home/gsmalik/work/hoplite-ml/bench/local_4x4-1.dat, 0.07, 20, 64, cpu, graph_sage_class_reg, 36.0, 43.7467520236969
4, 128, 512, /home/gsmalik/work/hoplite-ml/bench/local_4x4-1.dat, 0.07, 20, 64, cpu, graph_sage_class_reg_hybrid, 27.0, 90.34115624427795
4, 128, 512, /home/gsmalik/work/hoplite-ml/bench/local_4x4-1.dat, 0.09, 0, 0, cpu, qor, 25.0, 185.54697680473328
4, 128, 512, /home/gsmalik/work/hoplite-ml/bench/local_4x4-1.dat, 0.09, 10, 256, cuda, graph_sage_class_reg, 48.0, 9.796133995056152
4, 128, 512, /home/gsmalik/work/hoplite-ml/bench/local_4x4-1.dat, 0.09, 10, 256, cuda, graph_sage_class_reg_hybrid, 25.0, 56.186413526535034
4, 128, 512, /home/gsmalik/work/hoplite-ml/bench/local_4x4-1.dat, 0.09, 10, 256, cpu, graph_sage_class_reg, 48.0, 125.59083080291748
4, 128, 512, /home/gsmalik/work/hoplite-ml/bench/local_4x4-1.dat, 0.09, 10, 256, cpu, graph_sage_class_reg_hybrid, 25.0, 172.0329167842865
4, 128, 512, /home/gsmalik/work/hoplite-ml/bench/local_4x4-1.dat, 0.09, 15, 128, cuda, graph_sage_class_reg, 48.0, 5.879066228866577
4, 128, 512, /home/gsmalik/work/hoplite-ml/bench/local_4x4-1.dat, 0.09, 15, 128, cuda, graph_sage_class_reg_hybrid, 25.0, 52.26866340637207
4, 128, 512, /home/gsmalik/work/hoplite-ml/bench/local_4x4-1.dat, 0.09, 15, 128, cpu, graph_sage_class_reg, 48.0, 71.80326747894287
4, 128, 512, /home/gsmalik/work/hoplite-ml/bench/local_4x4-1.dat, 0.09, 15, 128, cpu, graph_sage_class_reg_hybrid, 25.0, 118.31787967681885
4, 128, 512, /home/gsmalik/work/hoplite-ml/bench/local_4x4-1.dat, 0.09, 20, 64, cuda, graph_sage_class_reg, 48.0, 4.745510816574097
4, 128, 512, /home/gsmalik/work/hoplite-ml/bench/local_4x4-1.dat, 0.09, 20, 64, cuda, graph_sage_class_reg_hybrid, 25.0, 51.18016338348389
4, 128, 512, /home/gsmalik/work/hoplite-ml/bench/local_4x4-1.dat, 0.09, 20, 64, cpu, graph_sage_class_reg, 48.0, 45.33541917800903
4, 128, 512, /home/gsmalik/work/hoplite-ml/bench/local_4x4-1.dat, 0.09, 20, 64, cpu, graph_sage_class_reg_hybrid, 25.0, 91.85854959487915
5, 128, 512, /home/gsmalik/work/hoplite-ml/bench/local_5x5-1.dat, 0.01, 0, 0, cpu, qor, 113.0, 187.1414177417755
5, 128, 512, /home/gsmalik/work/hoplite-ml/bench/local_5x5-1.dat, 0.01, 10, 256, cuda, graph_sage_class_reg, 130.0, 16.39756155014038
5, 128, 512, /home/gsmalik/work/hoplite-ml/bench/local_5x5-1.dat, 0.01, 10, 256, cuda, graph_sage_class_reg_hybrid, 113.0, 63.17227101325989
5, 128, 512, /home/gsmalik/work/hoplite-ml/bench/local_5x5-1.dat, 0.01, 10, 256, cpu, graph_sage_class_reg, 130.0, 203.97897100448608
5, 128, 512, /home/gsmalik/work/hoplite-ml/bench/local_5x5-1.dat, 0.01, 10, 256, cpu, graph_sage_class_reg_hybrid, 113.0, 250.97184205055237
5, 128, 512, /home/gsmalik/work/hoplite-ml/bench/local_5x5-1.dat, 0.01, 15, 128, cuda, graph_sage_class_reg, 138.0, 9.687942504882812
5, 128, 512, /home/gsmalik/work/hoplite-ml/bench/local_5x5-1.dat, 0.01, 15, 128, cuda, graph_sage_class_reg_hybrid, 113.0, 56.59727954864502
5, 128, 512, /home/gsmalik/work/hoplite-ml/bench/local_5x5-1.dat, 0.01, 15, 128, cpu, graph_sage_class_reg, 138.0, 106.95120859146118
5, 128, 512, /home/gsmalik/work/hoplite-ml/bench/local_5x5-1.dat, 0.01, 15, 128, cpu, graph_sage_class_reg_hybrid, 113.0, 153.68021535873413
5, 128, 512, /home/gsmalik/work/hoplite-ml/bench/local_5x5-1.dat, 0.01, 20, 64, cuda, graph_sage_class_reg, 124.0, 6.476698637008667
5, 128, 512, /home/gsmalik/work/hoplite-ml/bench/local_5x5-1.dat, 0.01, 20, 64, cuda, graph_sage_class_reg_hybrid, 113.0, 53.37476921081543
5, 128, 512, /home/gsmalik/work/hoplite-ml/bench/local_5x5-1.dat, 0.01, 20, 64, cpu, graph_sage_class_reg, 124.0, 61.208080530166626
5, 128, 512, /home/gsmalik/work/hoplite-ml/bench/local_5x5-1.dat, 0.01, 20, 64, cpu, graph_sage_class_reg_hybrid, 113.0, 108.01286029815674
5, 128, 512, /home/gsmalik/work/hoplite-ml/bench/local_5x5-1.dat, 0.03, 0, 0, cpu, qor, 47.0, 188.01578402519226
5, 128, 512, /home/gsmalik/work/hoplite-ml/bench/local_5x5-1.dat, 0.03, 10, 256, cuda, graph_sage_class_reg, 71.0, 16.416725158691406
5, 128, 512, /home/gsmalik/work/hoplite-ml/bench/local_5x5-1.dat, 0.03, 10, 256, cuda, graph_sage_class_reg_hybrid, 47.0, 63.23801875114441
5, 128, 512, /home/gsmalik/work/hoplite-ml/bench/local_5x5-1.dat, 0.03, 10, 256, cpu, graph_sage_class_reg, 71.0, 206.0291543006897
5, 128, 512, /home/gsmalik/work/hoplite-ml/bench/local_5x5-1.dat, 0.03, 10, 256, cpu, graph_sage_class_reg_hybrid, 47.0, 252.92709589004517
5, 128, 512, /home/gsmalik/work/hoplite-ml/bench/local_5x5-1.dat, 0.03, 15, 128, cuda, graph_sage_class_reg, 80.0, 9.703737020492554
5, 128, 512, /home/gsmalik/work/hoplite-ml/bench/local_5x5-1.dat, 0.03, 15, 128, cuda, graph_sage_class_reg_hybrid, 47.0, 56.28998327255249
5, 128, 512, /home/gsmalik/work/hoplite-ml/bench/local_5x5-1.dat, 0.03, 15, 128, cpu, graph_sage_class_reg, 80.0, 110.21902060508728
5, 128, 512, /home/gsmalik/work/hoplite-ml/bench/local_5x5-1.dat, 0.03, 15, 128, cpu, graph_sage_class_reg_hybrid, 47.0, 157.0489854812622
5, 128, 512, /home/gsmalik/work/hoplite-ml/bench/local_5x5-1.dat, 0.03, 20, 64, cuda, graph_sage_class_reg, 76.0, 6.476228713989258
5, 128, 512, /home/gsmalik/work/hoplite-ml/bench/local_5x5-1.dat, 0.03, 20, 64, cuda, graph_sage_class_reg_hybrid, 47.0, 53.26858949661255
5, 128, 512, /home/gsmalik/work/hoplite-ml/bench/local_5x5-1.dat, 0.03, 20, 64, cpu, graph_sage_class_reg, 76.0, 60.09426736831665
5, 128, 512, /home/gsmalik/work/hoplite-ml/bench/local_5x5-1.dat, 0.03, 20, 64, cpu, graph_sage_class_reg_hybrid, 47.0, 106.72654223442078
5, 128, 512, /home/gsmalik/work/hoplite-ml/bench/local_5x5-1.dat, 0.05, 0, 0, cpu, qor, 33.0, 186.59090852737427
5, 128, 512, /home/gsmalik/work/hoplite-ml/bench/local_5x5-1.dat, 0.05, 10, 256, cuda, graph_sage_class_reg, 52.0, 16.384512424468994
5, 128, 512, /home/gsmalik/work/hoplite-ml/bench/local_5x5-1.dat, 0.05, 10, 256, cuda, graph_sage_class_reg_hybrid, 33.0, 63.202123165130615
5, 128, 512, /home/gsmalik/work/hoplite-ml/bench/local_5x5-1.dat, 0.05, 10, 256, cpu, graph_sage_class_reg, 52.0, 203.97473001480103
5, 128, 512, /home/gsmalik/work/hoplite-ml/bench/local_5x5-1.dat, 0.05, 10, 256, cpu, graph_sage_class_reg_hybrid, 33.0, 250.9305181503296
5, 128, 512, /home/gsmalik/work/hoplite-ml/bench/local_5x5-1.dat, 0.05, 15, 128, cuda, graph_sage_class_reg, 58.0, 9.697052001953125
5, 128, 512, /home/gsmalik/work/hoplite-ml/bench/local_5x5-1.dat, 0.05, 15, 128, cuda, graph_sage_class_reg_hybrid, 33.0, 56.46274542808533
5, 128, 512, /home/gsmalik/work/hoplite-ml/bench/local_5x5-1.dat, 0.05, 15, 128, cpu, graph_sage_class_reg, 58.0, 109.24762916564941
5, 128, 512, /home/gsmalik/work/hoplite-ml/bench/local_5x5-1.dat, 0.05, 15, 128, cpu, graph_sage_class_reg_hybrid, 33.0, 156.04198265075684
5, 128, 512, /home/gsmalik/work/hoplite-ml/bench/local_5x5-1.dat, 0.05, 20, 64, cuda, graph_sage_class_reg, 52.0, 6.476424694061279
5, 128, 512, /home/gsmalik/work/hoplite-ml/bench/local_5x5-1.dat, 0.05, 20, 64, cuda, graph_sage_class_reg_hybrid, 33.0, 53.360645055770874
5, 128, 512, /home/gsmalik/work/hoplite-ml/bench/local_5x5-1.dat, 0.05, 20, 64, cpu, graph_sage_class_reg, 52.0, 60.42017912864685
5, 128, 512, /home/gsmalik/work/hoplite-ml/bench/local_5x5-1.dat, 0.05, 20, 64, cpu, graph_sage_class_reg_hybrid, 33.0, 107.12658429145813
5, 128, 512, /home/gsmalik/work/hoplite-ml/bench/local_5x5-1.dat, 0.07, 0, 0, cpu, qor, 29.0, 187.5365710258484
5, 128, 512, /home/gsmalik/work/hoplite-ml/bench/local_5x5-1.dat, 0.07, 10, 256, cuda, graph_sage_class_reg, 108.0, 16.405905961990356
5, 128, 512, /home/gsmalik/work/hoplite-ml/bench/local_5x5-1.dat, 0.07, 10, 256, cuda, graph_sage_class_reg_hybrid, 29.0, 63.42861986160278
5, 128, 512, /home/gsmalik/work/hoplite-ml/bench/local_5x5-1.dat, 0.07, 10, 256, cpu, graph_sage_class_reg, 108.0, 208.65647864341736
5, 128, 512, /home/gsmalik/work/hoplite-ml/bench/local_5x5-1.dat, 0.07, 10, 256, cpu, graph_sage_class_reg_hybrid, 29.0, 255.55329275131226
5, 128, 512, /home/gsmalik/work/hoplite-ml/bench/local_5x5-1.dat, 0.07, 15, 128, cuda, graph_sage_class_reg, 42.0, 9.687782049179077
5, 128, 512, /home/gsmalik/work/hoplite-ml/bench/local_5x5-1.dat, 0.07, 15, 128, cuda, graph_sage_class_reg_hybrid, 29.0, 56.66262412071228
5, 128, 512, /home/gsmalik/work/hoplite-ml/bench/local_5x5-1.dat, 0.07, 15, 128, cpu, graph_sage_class_reg, 42.0, 110.56379413604736
5, 128, 512, /home/gsmalik/work/hoplite-ml/bench/local_5x5-1.dat, 0.07, 15, 128, cpu, graph_sage_class_reg_hybrid, 29.0, 157.48509216308594
5, 128, 512, /home/gsmalik/work/hoplite-ml/bench/local_5x5-1.dat, 0.07, 20, 64, cuda, graph_sage_class_reg, 42.0, 6.481926918029785
5, 128, 512, /home/gsmalik/work/hoplite-ml/bench/local_5x5-1.dat, 0.07, 20, 64, cuda, graph_sage_class_reg_hybrid, 29.0, 53.29163455963135
5, 128, 512, /home/gsmalik/work/hoplite-ml/bench/local_5x5-1.dat, 0.07, 20, 64, cpu, graph_sage_class_reg, 42.0, 62.19856905937195
5, 128, 512, /home/gsmalik/work/hoplite-ml/bench/local_5x5-1.dat, 0.07, 20, 64, cpu, graph_sage_class_reg_hybrid, 29.0, 108.89902544021606
5, 128, 512, /home/gsmalik/work/hoplite-ml/bench/local_5x5-1.dat, 0.09, 0, 0, cpu, qor, 26.0, 188.22795009613037
5, 128, 512, /home/gsmalik/work/hoplite-ml/bench/local_5x5-1.dat, 0.09, 10, 256, cuda, graph_sage_class_reg, 67.0, 16.41281008720398
5, 128, 512, /home/gsmalik/work/hoplite-ml/bench/local_5x5-1.dat, 0.09, 10, 256, cuda, graph_sage_class_reg_hybrid, 26.0, 63.37699007987976
5, 128, 512, /home/gsmalik/work/hoplite-ml/bench/local_5x5-1.dat, 0.09, 10, 256, cpu, graph_sage_class_reg, 67.0, 209.20643186569214
5, 128, 512, /home/gsmalik/work/hoplite-ml/bench/local_5x5-1.dat, 0.09, 10, 256, cpu, graph_sage_class_reg_hybrid, 26.0, 256.1541473865509
5, 128, 512, /home/gsmalik/work/hoplite-ml/bench/local_5x5-1.dat, 0.09, 15, 128, cuda, graph_sage_class_reg, 61.0, 9.694589853286743
5, 128, 512, /home/gsmalik/work/hoplite-ml/bench/local_5x5-1.dat, 0.09, 15, 128, cuda, graph_sage_class_reg_hybrid, 26.0, 56.51879000663757
5, 128, 512, /home/gsmalik/work/hoplite-ml/bench/local_5x5-1.dat, 0.09, 15, 128, cpu, graph_sage_class_reg, 61.0, 107.99710822105408
5, 128, 512, /home/gsmalik/work/hoplite-ml/bench/local_5x5-1.dat, 0.09, 15, 128, cpu, graph_sage_class_reg_hybrid, 26.0, 154.89688658714294
5, 128, 512, /home/gsmalik/work/hoplite-ml/bench/local_5x5-1.dat, 0.09, 20, 64, cuda, graph_sage_class_reg, 39.0, 6.468684911727905
5, 128, 512, /home/gsmalik/work/hoplite-ml/bench/local_5x5-1.dat, 0.09, 20, 64, cuda, graph_sage_class_reg_hybrid, 26.0, 53.271621227264404
5, 128, 512, /home/gsmalik/work/hoplite-ml/bench/local_5x5-1.dat, 0.09, 20, 64, cpu, graph_sage_class_reg, 39.0, 61.323548316955566
5, 128, 512, /home/gsmalik/work/hoplite-ml/bench/local_5x5-1.dat, 0.09, 20, 64, cpu, graph_sage_class_reg_hybrid, 26.0, 108.28744888305664
6, 128, 512, /home/gsmalik/work/hoplite-ml/bench/local_6x6-1.dat, 0.01, 0, 0, cpu, qor, 124.0, 189.3284113407135
6, 128, 512, /home/gsmalik/work/hoplite-ml/bench/local_6x6-1.dat, 0.01, 10, 256, cuda, graph_sage_class_reg, 183.0, 26.49707794189453
6, 128, 512, /home/gsmalik/work/hoplite-ml/bench/local_6x6-1.dat, 0.01, 10, 256, cuda, graph_sage_class_reg_hybrid, 124.0, 73.62590742111206
6, 128, 512, /home/gsmalik/work/hoplite-ml/bench/local_6x6-1.dat, 0.01, 10, 256, cpu, graph_sage_class_reg, 183.0, 301.544162273407
6, 128, 512, /home/gsmalik/work/hoplite-ml/bench/local_6x6-1.dat, 0.01, 10, 256, cpu, graph_sage_class_reg_hybrid, 124.0, 348.86454939842224
6, 128, 512, /home/gsmalik/work/hoplite-ml/bench/local_6x6-1.dat, 0.01, 15, 128, cuda, graph_sage_class_reg, 178.0, 14.942113161087036
6, 128, 512, /home/gsmalik/work/hoplite-ml/bench/local_6x6-1.dat, 0.01, 15, 128, cuda, graph_sage_class_reg_hybrid, 124.0, 61.828845500946045
6, 128, 512, /home/gsmalik/work/hoplite-ml/bench/local_6x6-1.dat, 0.01, 15, 128, cpu, graph_sage_class_reg, 178.0, 160.21256852149963
6, 128, 512, /home/gsmalik/work/hoplite-ml/bench/local_6x6-1.dat, 0.01, 15, 128, cpu, graph_sage_class_reg_hybrid, 124.0, 207.4364185333252
6, 128, 512, /home/gsmalik/work/hoplite-ml/bench/local_6x6-1.dat, 0.01, 20, 64, cuda, graph_sage_class_reg, 171.0, 9.295476913452148
6, 128, 512, /home/gsmalik/work/hoplite-ml/bench/local_6x6-1.dat, 0.01, 20, 64, cuda, graph_sage_class_reg_hybrid, 124.0, 56.39984440803528
6, 128, 512, /home/gsmalik/work/hoplite-ml/bench/local_6x6-1.dat, 0.01, 20, 64, cpu, graph_sage_class_reg, 171.0, 89.78750991821289
6, 128, 512, /home/gsmalik/work/hoplite-ml/bench/local_6x6-1.dat, 0.01, 20, 64, cpu, graph_sage_class_reg_hybrid, 124.0, 136.9533190727234
6, 128, 512, /home/gsmalik/work/hoplite-ml/bench/local_6x6-1.dat, 0.03, 0, 0, cpu, qor, 62.0, 188.27962040901184
6, 128, 512, /home/gsmalik/work/hoplite-ml/bench/local_6x6-1.dat, 0.03, 10, 256, cuda, graph_sage_class_reg, 101.0, 26.522432565689087
6, 128, 512, /home/gsmalik/work/hoplite-ml/bench/local_6x6-1.dat, 0.03, 10, 256, cuda, graph_sage_class_reg_hybrid, 62.0, 73.51307439804077
6, 128, 512, /home/gsmalik/work/hoplite-ml/bench/local_6x6-1.dat, 0.03, 10, 256, cpu, graph_sage_class_reg, 101.0, 301.7535653114319
6, 128, 512, /home/gsmalik/work/hoplite-ml/bench/local_6x6-1.dat, 0.03, 10, 256, cpu, graph_sage_class_reg_hybrid, 62.0, 348.6535086631775
6, 128, 512, /home/gsmalik/work/hoplite-ml/bench/local_6x6-1.dat, 0.03, 15, 128, cuda, graph_sage_class_reg, 183.0, 14.96144413948059
6, 128, 512, /home/gsmalik/work/hoplite-ml/bench/local_6x6-1.dat, 0.03, 15, 128, cuda, graph_sage_class_reg_hybrid, 62.0, 62.12118077278137
6, 128, 512, /home/gsmalik/work/hoplite-ml/bench/local_6x6-1.dat, 0.03, 15, 128, cpu, graph_sage_class_reg, 183.0, 167.648442029953
6, 128, 512, /home/gsmalik/work/hoplite-ml/bench/local_6x6-1.dat, 0.03, 15, 128, cpu, graph_sage_class_reg_hybrid, 62.0, 214.80601835250854
6, 128, 512, /home/gsmalik/work/hoplite-ml/bench/local_6x6-1.dat, 0.03, 20, 64, cuda, graph_sage_class_reg, 184.0, 9.279518842697144
6, 128, 512, /home/gsmalik/work/hoplite-ml/bench/local_6x6-1.dat, 0.03, 20, 64, cuda, graph_sage_class_reg_hybrid, 62.0, 56.3724467754364
6, 128, 512, /home/gsmalik/work/hoplite-ml/bench/local_6x6-1.dat, 0.03, 20, 64, cpu, graph_sage_class_reg, 184.0, 84.25358176231384
6, 128, 512, /home/gsmalik/work/hoplite-ml/bench/local_6x6-1.dat, 0.03, 20, 64, cpu, graph_sage_class_reg_hybrid, 62.0, 131.37035655975342
6, 128, 512, /home/gsmalik/work/hoplite-ml/bench/local_6x6-1.dat, 0.05, 0, 0, cpu, qor, 60.0, 187.83122968673706
6, 128, 512, /home/gsmalik/work/hoplite-ml/bench/local_6x6-1.dat, 0.05, 10, 256, cuda, graph_sage_class_reg, 71.0, 26.48595666885376
6, 128, 512, /home/gsmalik/work/hoplite-ml/bench/local_6x6-1.dat, 0.05, 10, 256, cuda, graph_sage_class_reg_hybrid, 60.0, 73.45329737663269
6, 128, 512, /home/gsmalik/work/hoplite-ml/bench/local_6x6-1.dat, 0.05, 10, 256, cpu, graph_sage_class_reg, 71.0, 301.45130038261414
6, 128, 512, /home/gsmalik/work/hoplite-ml/bench/local_6x6-1.dat, 0.05, 10, 256, cpu, graph_sage_class_reg_hybrid, 60.0, 348.3655469417572
6, 128, 512, /home/gsmalik/work/hoplite-ml/bench/local_6x6-1.dat, 0.05, 15, 128, cuda, graph_sage_class_reg, 569.0, 14.953284740447998
6, 128, 512, /home/gsmalik/work/hoplite-ml/bench/local_6x6-1.dat, 0.05, 15, 128, cuda, graph_sage_class_reg_hybrid, 60.0, 61.957292556762695
6, 128, 512, /home/gsmalik/work/hoplite-ml/bench/local_6x6-1.dat, 0.05, 15, 128, cpu, graph_sage_class_reg, 569.0, 159.1136610507965
6, 128, 512, /home/gsmalik/work/hoplite-ml/bench/local_6x6-1.dat, 0.05, 15, 128, cpu, graph_sage_class_reg_hybrid, 60.0, 206.05200958251953
6, 128, 512, /home/gsmalik/work/hoplite-ml/bench/local_6x6-1.dat, 0.05, 20, 64, cuda, graph_sage_class_reg, 701.0, 9.272288799285889
6, 128, 512, /home/gsmalik/work/hoplite-ml/bench/local_6x6-1.dat, 0.05, 20, 64, cuda, graph_sage_class_reg_hybrid, 60.0, 56.332032203674316
6, 128, 512, /home/gsmalik/work/hoplite-ml/bench/local_6x6-1.dat, 0.05, 20, 64, cpu, graph_sage_class_reg, 701.0, 83.48078989982605
6, 128, 512, /home/gsmalik/work/hoplite-ml/bench/local_6x6-1.dat, 0.05, 20, 64, cpu, graph_sage_class_reg_hybrid, 60.0, 130.59124493598938
6, 128, 512, /home/gsmalik/work/hoplite-ml/bench/local_6x6-1.dat, 0.07, 0, 0, cpu, qor, 135.0, 188.0010313987732
6, 128, 512, /home/gsmalik/work/hoplite-ml/bench/local_6x6-1.dat, 0.07, 10, 256, cuda, graph_sage_class_reg, 100000000, 26.495073556900024
6, 128, 512, /home/gsmalik/work/hoplite-ml/bench/local_6x6-1.dat, 0.07, 10, 256, cuda, graph_sage_class_reg_hybrid, 135.0, 73.62646341323853
6, 128, 512, /home/gsmalik/work/hoplite-ml/bench/local_6x6-1.dat, 0.07, 10, 256, cpu, graph_sage_class_reg, 100000000, 298.6886553764343
6, 128, 512, /home/gsmalik/work/hoplite-ml/bench/local_6x6-1.dat, 0.07, 10, 256, cpu, graph_sage_class_reg_hybrid, 135.0, 345.82754349708557
6, 128, 512, /home/gsmalik/work/hoplite-ml/bench/local_6x6-1.dat, 0.07, 15, 128, cuda, graph_sage_class_reg, 100000000, 14.96011996269226
6, 128, 512, /home/gsmalik/work/hoplite-ml/bench/local_6x6-1.dat, 0.07, 15, 128, cuda, graph_sage_class_reg_hybrid, 135.0, 61.87299561500549
6, 128, 512, /home/gsmalik/work/hoplite-ml/bench/local_6x6-1.dat, 0.07, 15, 128, cpu, graph_sage_class_reg, 100000000, 162.623055934906
6, 128, 512, /home/gsmalik/work/hoplite-ml/bench/local_6x6-1.dat, 0.07, 15, 128, cpu, graph_sage_class_reg_hybrid, 135.0, 209.68266034126282
6, 128, 512, /home/gsmalik/work/hoplite-ml/bench/local_6x6-1.dat, 0.07, 20, 64, cuda, graph_sage_class_reg, 100000000, 9.291065454483032
6, 128, 512, /home/gsmalik/work/hoplite-ml/bench/local_6x6-1.dat, 0.07, 20, 64, cuda, graph_sage_class_reg_hybrid, 135.0, 56.40442252159119
6, 128, 512, /home/gsmalik/work/hoplite-ml/bench/local_6x6-1.dat, 0.07, 20, 64, cpu, graph_sage_class_reg, 100000000, 84.56753849983215
6, 128, 512, /home/gsmalik/work/hoplite-ml/bench/local_6x6-1.dat, 0.07, 20, 64, cpu, graph_sage_class_reg_hybrid, 135.0, 131.7199399471283
6, 128, 512, /home/gsmalik/work/hoplite-ml/bench/local_6x6-1.dat, 0.09, 0, 0, cpu, qor, 513.0, 188.54963040351868
6, 128, 512, /home/gsmalik/work/hoplite-ml/bench/local_6x6-1.dat, 0.09, 10, 256, cuda, graph_sage_class_reg, 100000000, 26.51156520843506
6, 128, 512, /home/gsmalik/work/hoplite-ml/bench/local_6x6-1.dat, 0.09, 10, 256, cuda, graph_sage_class_reg_hybrid, 513.0, 73.5861439704895
6, 128, 512, /home/gsmalik/work/hoplite-ml/bench/local_6x6-1.dat, 0.09, 10, 256, cpu, graph_sage_class_reg, 100000000, 299.82008051872253
6, 128, 512, /home/gsmalik/work/hoplite-ml/bench/local_6x6-1.dat, 0.09, 10, 256, cpu, graph_sage_class_reg_hybrid, 513.0, 346.6877956390381
6, 128, 512, /home/gsmalik/work/hoplite-ml/bench/local_6x6-1.dat, 0.09, 15, 128, cuda, graph_sage_class_reg, 100000000, 14.954554319381714
6, 128, 512, /home/gsmalik/work/hoplite-ml/bench/local_6x6-1.dat, 0.09, 15, 128, cuda, graph_sage_class_reg_hybrid, 513.0, 61.785197734832764
6, 128, 512, /home/gsmalik/work/hoplite-ml/bench/local_6x6-1.dat, 0.09, 15, 128, cpu, graph_sage_class_reg, 100000000, 161.1418879032135
6, 128, 512, /home/gsmalik/work/hoplite-ml/bench/local_6x6-1.dat, 0.09, 15, 128, cpu, graph_sage_class_reg_hybrid, 513.0, 208.1411440372467
6, 128, 512, /home/gsmalik/work/hoplite-ml/bench/local_6x6-1.dat, 0.09, 20, 64, cuda, graph_sage_class_reg, 100000000, 9.285584211349487
6, 128, 512, /home/gsmalik/work/hoplite-ml/bench/local_6x6-1.dat, 0.09, 20, 64, cuda, graph_sage_class_reg_hybrid, 513.0, 56.03330969810486
6, 128, 512, /home/gsmalik/work/hoplite-ml/bench/local_6x6-1.dat, 0.09, 20, 64, cpu, graph_sage_class_reg, 100000000, 85.23012161254883
6, 128, 512, /home/gsmalik/work/hoplite-ml/bench/local_6x6-1.dat, 0.09, 20, 64, cpu, graph_sage_class_reg_hybrid, 513.0, 132.2038927078247
7, 128, 512, /home/gsmalik/work/hoplite-ml/bench/local_7x7-1.dat, 0.01, 0, 0, cpu, qor, 123.0, 191.02439069747925
7, 128, 512, /home/gsmalik/work/hoplite-ml/bench/local_7x7-1.dat, 0.01, 10, 256, cuda, graph_sage_class_reg, 188.0, 37.04023504257202
7, 128, 512, /home/gsmalik/work/hoplite-ml/bench/local_7x7-1.dat, 0.01, 10, 256, cuda, graph_sage_class_reg_hybrid, 123.0, 84.82037162780762
7, 128, 512, /home/gsmalik/work/hoplite-ml/bench/local_7x7-1.dat, 0.01, 10, 256, cpu, graph_sage_class_reg, 188.0, 419.70079493522644
7, 128, 512, /home/gsmalik/work/hoplite-ml/bench/local_7x7-1.dat, 0.01, 10, 256, cpu, graph_sage_class_reg_hybrid, 123.0, 467.3374435901642
7, 128, 512, /home/gsmalik/work/hoplite-ml/bench/local_7x7-1.dat, 0.01, 15, 128, cuda, graph_sage_class_reg, 202.0, 22.04343271255493
7, 128, 512, /home/gsmalik/work/hoplite-ml/bench/local_7x7-1.dat, 0.01, 15, 128, cuda, graph_sage_class_reg_hybrid, 123.0, 69.61338353157043
7, 128, 512, /home/gsmalik/work/hoplite-ml/bench/local_7x7-1.dat, 0.01, 15, 128, cpu, graph_sage_class_reg, 202.0, 225.59307026863098
7, 128, 512, /home/gsmalik/work/hoplite-ml/bench/local_7x7-1.dat, 0.01, 15, 128, cpu, graph_sage_class_reg_hybrid, 123.0, 273.2548282146454
7, 128, 512, /home/gsmalik/work/hoplite-ml/bench/local_7x7-1.dat, 0.01, 20, 64, cuda, graph_sage_class_reg, 159.0, 13.808650255203247
7, 128, 512, /home/gsmalik/work/hoplite-ml/bench/local_7x7-1.dat, 0.01, 20, 64, cuda, graph_sage_class_reg_hybrid, 123.0, 61.42475199699402
7, 128, 512, /home/gsmalik/work/hoplite-ml/bench/local_7x7-1.dat, 0.01, 20, 64, cpu, graph_sage_class_reg, 159.0, 111.59782791137695
7, 128, 512, /home/gsmalik/work/hoplite-ml/bench/local_7x7-1.dat, 0.01, 20, 64, cpu, graph_sage_class_reg_hybrid, 123.0, 159.36453700065613
7, 128, 512, /home/gsmalik/work/hoplite-ml/bench/local_7x7-1.dat, 0.03, 0, 0, cpu, qor, 59.0, 190.92852544784546
7, 128, 512, /home/gsmalik/work/hoplite-ml/bench/local_7x7-1.dat, 0.03, 10, 256, cuda, graph_sage_class_reg, 154.0, 37.028544902801514
7, 128, 512, /home/gsmalik/work/hoplite-ml/bench/local_7x7-1.dat, 0.03, 10, 256, cuda, graph_sage_class_reg_hybrid, 59.0, 84.69360637664795
7, 128, 512, /home/gsmalik/work/hoplite-ml/bench/local_7x7-1.dat, 0.03, 10, 256, cpu, graph_sage_class_reg, 154.0, 419.19557523727417
7, 128, 512, /home/gsmalik/work/hoplite-ml/bench/local_7x7-1.dat, 0.03, 10, 256, cpu, graph_sage_class_reg_hybrid, 59.0, 466.97624921798706
7, 128, 512, /home/gsmalik/work/hoplite-ml/bench/local_7x7-1.dat, 0.03, 15, 128, cuda, graph_sage_class_reg, 346.0, 22.050710916519165
7, 128, 512, /home/gsmalik/work/hoplite-ml/bench/local_7x7-1.dat, 0.03, 15, 128, cuda, graph_sage_class_reg_hybrid, 59.0, 69.69715666770935
7, 128, 512, /home/gsmalik/work/hoplite-ml/bench/local_7x7-1.dat, 0.03, 15, 128, cpu, graph_sage_class_reg, 346.0, 226.21107363700867
7, 128, 512, /home/gsmalik/work/hoplite-ml/bench/local_7x7-1.dat, 0.03, 15, 128, cpu, graph_sage_class_reg_hybrid, 59.0, 274.1417546272278
7, 128, 512, /home/gsmalik/work/hoplite-ml/bench/local_7x7-1.dat, 0.03, 20, 64, cuda, graph_sage_class_reg, 938.0, 13.830652952194214
7, 128, 512, /home/gsmalik/work/hoplite-ml/bench/local_7x7-1.dat, 0.03, 20, 64, cuda, graph_sage_class_reg_hybrid, 59.0, 61.64083123207092
7, 128, 512, /home/gsmalik/work/hoplite-ml/bench/local_7x7-1.dat, 0.03, 20, 64, cpu, graph_sage_class_reg, 938.0, 112.98569393157959
7, 128, 512, /home/gsmalik/work/hoplite-ml/bench/local_7x7-1.dat, 0.03, 20, 64, cpu, graph_sage_class_reg_hybrid, 59.0, 160.54983615875244
7, 128, 512, /home/gsmalik/work/hoplite-ml/bench/local_7x7-1.dat, 0.05, 0, 0, cpu, qor, 52.0, 191.0964150428772
7, 128, 512, /home/gsmalik/work/hoplite-ml/bench/local_7x7-1.dat, 0.05, 10, 256, cuda, graph_sage_class_reg, 274.0, 37.02595806121826
7, 128, 512, /home/gsmalik/work/hoplite-ml/bench/local_7x7-1.dat, 0.05, 10, 256, cuda, graph_sage_class_reg_hybrid, 52.0, 84.82090282440186
7, 128, 512, /home/gsmalik/work/hoplite-ml/bench/local_7x7-1.dat, 0.05, 10, 256, cpu, graph_sage_class_reg, 274.0, 419.2842574119568
7, 128, 512, /home/gsmalik/work/hoplite-ml/bench/local_7x7-1.dat, 0.05, 10, 256, cpu, graph_sage_class_reg_hybrid, 52.0, 466.978609085083
7, 128, 512, /home/gsmalik/work/hoplite-ml/bench/local_7x7-1.dat, 0.05, 15, 128, cuda, graph_sage_class_reg, 100000000, 22.034581661224365
7, 128, 512, /home/gsmalik/work/hoplite-ml/bench/local_7x7-1.dat, 0.05, 15, 128, cuda, graph_sage_class_reg_hybrid, 52.0, 69.619069814682
7, 128, 512, /home/gsmalik/work/hoplite-ml/bench/local_7x7-1.dat, 0.05, 15, 128, cpu, graph_sage_class_reg, 100000000, 229.9757800102234
7, 128, 512, /home/gsmalik/work/hoplite-ml/bench/local_7x7-1.dat, 0.05, 15, 128, cpu, graph_sage_class_reg_hybrid, 52.0, 277.78154397010803
7, 128, 512, /home/gsmalik/work/hoplite-ml/bench/local_7x7-1.dat, 0.05, 20, 64, cuda, graph_sage_class_reg, 424.0, 13.812839031219482
7, 128, 512, /home/gsmalik/work/hoplite-ml/bench/local_7x7-1.dat, 0.05, 20, 64, cuda, graph_sage_class_reg_hybrid, 52.0, 61.58998513221741
7, 128, 512, /home/gsmalik/work/hoplite-ml/bench/local_7x7-1.dat, 0.05, 20, 64, cpu, graph_sage_class_reg, 424.0, 113.47175359725952
7, 128, 512, /home/gsmalik/work/hoplite-ml/bench/local_7x7-1.dat, 0.05, 20, 64, cpu, graph_sage_class_reg_hybrid, 52.0, 161.20618677139282
7, 128, 512, /home/gsmalik/work/hoplite-ml/bench/local_7x7-1.dat, 0.07, 0, 0, cpu, qor, 57.0, 190.39364767074585
7, 128, 512, /home/gsmalik/work/hoplite-ml/bench/local_7x7-1.dat, 0.07, 10, 256, cuda, graph_sage_class_reg, 108.0, 37.04548192024231
7, 128, 512, /home/gsmalik/work/hoplite-ml/bench/local_7x7-1.dat, 0.07, 10, 256, cuda, graph_sage_class_reg_hybrid, 57.0, 84.78766870498657
7, 128, 512, /home/gsmalik/work/hoplite-ml/bench/local_7x7-1.dat, 0.07, 10, 256, cpu, graph_sage_class_reg, 108.0, 417.9437415599823
7, 128, 512, /home/gsmalik/work/hoplite-ml/bench/local_7x7-1.dat, 0.07, 10, 256, cpu, graph_sage_class_reg_hybrid, 57.0, 465.6042056083679
7, 128, 512, /home/gsmalik/work/hoplite-ml/bench/local_7x7-1.dat, 0.07, 15, 128, cuda, graph_sage_class_reg, 57.0, 22.035538911819458
7, 128, 512, /home/gsmalik/work/hoplite-ml/bench/local_7x7-1.dat, 0.07, 15, 128, cuda, graph_sage_class_reg_hybrid, 57.0, 69.6126880645752
7, 128, 512, /home/gsmalik/work/hoplite-ml/bench/local_7x7-1.dat, 0.07, 15, 128, cpu, graph_sage_class_reg, 57.0, 223.20929718017578
7, 128, 512, /home/gsmalik/work/hoplite-ml/bench/local_7x7-1.dat, 0.07, 15, 128, cpu, graph_sage_class_reg_hybrid, 57.0, 270.9946537017822
7, 128, 512, /home/gsmalik/work/hoplite-ml/bench/local_7x7-1.dat, 0.07, 20, 64, cuda, graph_sage_class_reg, 100000000, 13.838421106338501
7, 128, 512, /home/gsmalik/work/hoplite-ml/bench/local_7x7-1.dat, 0.07, 20, 64, cuda, graph_sage_class_reg_hybrid, 57.0, 61.42501616477966
7, 128, 512, /home/gsmalik/work/hoplite-ml/bench/local_7x7-1.dat, 0.07, 20, 64, cpu, graph_sage_class_reg, 100000000, 113.03104972839355
7, 128, 512, /home/gsmalik/work/hoplite-ml/bench/local_7x7-1.dat, 0.07, 20, 64, cpu, graph_sage_class_reg_hybrid, 57.0, 160.78919076919556
7, 128, 512, /home/gsmalik/work/hoplite-ml/bench/local_7x7-1.dat, 0.09, 0, 0, cpu, qor, 90.0, 190.27526569366455
7, 128, 512, /home/gsmalik/work/hoplite-ml/bench/local_7x7-1.dat, 0.09, 10, 256, cuda, graph_sage_class_reg, 100000000, 37.04820775985718
7, 128, 512, /home/gsmalik/work/hoplite-ml/bench/local_7x7-1.dat, 0.09, 10, 256, cuda, graph_sage_class_reg_hybrid, 90.0, 84.63514304161072
7, 128, 512, /home/gsmalik/work/hoplite-ml/bench/local_7x7-1.dat, 0.09, 10, 256, cpu, graph_sage_class_reg, 100000000, 419.76455640792847
7, 128, 512, /home/gsmalik/work/hoplite-ml/bench/local_7x7-1.dat, 0.09, 10, 256, cpu, graph_sage_class_reg_hybrid, 90.0, 467.32836723327637
7, 128, 512, /home/gsmalik/work/hoplite-ml/bench/local_7x7-1.dat, 0.09, 15, 128, cuda, graph_sage_class_reg, 90.0, 22.039517402648926
7, 128, 512, /home/gsmalik/work/hoplite-ml/bench/local_7x7-1.dat, 0.09, 15, 128, cuda, graph_sage_class_reg_hybrid, 90.0, 69.71479392051697
7, 128, 512, /home/gsmalik/work/hoplite-ml/bench/local_7x7-1.dat, 0.09, 15, 128, cpu, graph_sage_class_reg, 90.0, 223.13975358009338
7, 128, 512, /home/gsmalik/work/hoplite-ml/bench/local_7x7-1.dat, 0.09, 15, 128, cpu, graph_sage_class_reg_hybrid, 90.0, 270.76413345336914
7, 128, 512, /home/gsmalik/work/hoplite-ml/bench/local_7x7-1.dat, 0.09, 20, 64, cuda, graph_sage_class_reg, 100000000, 13.820780277252197
7, 128, 512, /home/gsmalik/work/hoplite-ml/bench/local_7x7-1.dat, 0.09, 20, 64, cuda, graph_sage_class_reg_hybrid, 90.0, 61.37206959724426
7, 128, 512, /home/gsmalik/work/hoplite-ml/bench/local_7x7-1.dat, 0.09, 20, 64, cpu, graph_sage_class_reg, 100000000, 113.43484282493591
7, 128, 512, /home/gsmalik/work/hoplite-ml/bench/local_7x7-1.dat, 0.09, 20, 64, cpu, graph_sage_class_reg_hybrid, 90.0, 161.0781853199005
