N, batch_size, limit, model_type, emb_size, num_layers, model_on_gpu, ratio_data, eval_gnn, eval_qor, total_items, time_spent, items_per_sec
3, 1, 1000, graph_sage_class_reg, 256, 10, False, 0.3, True, False, 127312, 861.5328364372253, 147.773821978144
3, 1, 1000, graph_sage_class_reg, 256, 10, True, 0.3, True, False, 127312, 915.5080089569092, 139.0615906736347
3, 1, 1000, graph_sage_class_reg, 128, 15, False, 0.3, True, False, 127312, 923.9807004928589, 137.78642771660788
3, 1, 1000, graph_sage_class_reg, 128, 15, True, 0.3, True, False, 127312, 1333.508278131485, 95.47147332177786
3, 1, 1000, graph_sage_class_reg, 128, 5, False, 0.3, False, True, 127312, 1423.9537200927734, 89.40740011670138
3, 2, 1000, graph_sage_class_reg, 256, 10, False, 0.3, True, False, 127312, 510.7472951412201, 249.26612673455003
3, 2, 1000, graph_sage_class_reg, 256, 10, True, 0.3, True, False, 127312, 453.3613746166229, 280.8179239081829
3, 2, 1000, graph_sage_class_reg, 128, 15, False, 0.3, True, False, 127312, 508.42402625083923, 250.4051607057385
3, 2, 1000, graph_sage_class_reg, 128, 15, True, 0.3, True, False, 127312, 670.973477602005, 189.74222417106694
3, 2, 1000, graph_sage_class_reg, 128, 5, False, 0.3, False, True, 127312, 953.2748475074768, 133.5522492100595
3, 4, 1000, graph_sage_class_reg, 256, 10, False, 0.3, True, False, 127312, 320.2238681316376, 397.57186353037434
3, 4, 1000, graph_sage_class_reg, 256, 10, True, 0.3, True, False, 127312, 228.84700918197632, 556.3192652378649
3, 4, 1000, graph_sage_class_reg, 128, 15, False, 0.3, True, False, 127312, 324.2543864250183, 392.63000079550216
3, 4, 1000, graph_sage_class_reg, 128, 15, True, 0.3, True, False, 127312, 331.161691904068, 384.4406014113497
3, 4, 1000, graph_sage_class_reg, 128, 5, False, 0.3, False, True, 127312, 711.4562816619873, 178.9456404862919
3, 8, 1000, graph_sage_class_reg, 256, 10, False, 0.3, True, False, 127312, 309.1881444454193, 411.7622304967591
3, 8, 1000, graph_sage_class_reg, 256, 10, True, 0.3, True, False, 127312, 116.0569896697998, 1096.9783066252403
3, 8, 1000, graph_sage_class_reg, 128, 15, False, 0.3, True, False, 127312, 202.89826726913452, 627.467162305171
3, 8, 1000, graph_sage_class_reg, 128, 15, True, 0.3, True, False, 127312, 168.13827347755432, 757.1863167549152
3, 8, 1000, graph_sage_class_reg, 128, 5, False, 0.3, False, True, 127312, 592.2631058692932, 214.958518837904
3, 16, 1000, graph_sage_class_reg, 256, 10, False, 0.3, True, False, 127312, 164.2582597732544, 775.0721344286991
3, 16, 1000, graph_sage_class_reg, 256, 10, True, 0.3, True, False, 127312, 58.134592056274414, 2189.9525823929703
3, 16, 1000, graph_sage_class_reg, 128, 15, False, 0.3, True, False, 127312, 135.31698274612427, 940.8427339741763
3, 16, 1000, graph_sage_class_reg, 128, 15, True, 0.3, True, False, 127312, 82.50311303138733, 1543.1175300205418
3, 16, 1000, graph_sage_class_reg, 128, 5, False, 0.3, False, True, 127312, 535.7234365940094, 237.64500729969302
3, 32, 1000, graph_sage_class_reg, 256, 10, False, 0.3, True, False, 127328, 137.4568350315094, 926.3126127617622
3, 32, 1000, graph_sage_class_reg, 256, 10, True, 0.3, True, False, 127328, 29.573649883270264, 4305.454365713213
3, 32, 1000, graph_sage_class_reg, 128, 15, False, 0.3, True, False, 127328, 99.40936827659607, 1280.8450773545135
3, 32, 1000, graph_sage_class_reg, 128, 15, True, 0.3, True, False, 127328, 42.41483974456787, 3001.9681971404143
3, 32, 1000, graph_sage_class_reg, 128, 5, False, 0.3, False, True, 127328, 506.08898425102234, 251.59211909825873
3, 64, 1000, graph_sage_class_reg, 256, 10, False, 0.3, True, False, 127360, 147.61249899864197, 862.7995655108563
3, 64, 1000, graph_sage_class_reg, 256, 10, True, 0.3, True, False, 127360, 15.801966428756714, 8059.756396408227
3, 64, 1000, graph_sage_class_reg, 128, 15, False, 0.3, True, False, 127360, 88.23647737503052, 1443.3939770587533
3, 64, 1000, graph_sage_class_reg, 128, 15, True, 0.3, True, False, 127360, 21.7358558177948, 5859.442621796027
3, 64, 1000, graph_sage_class_reg, 128, 5, False, 0.3, False, True, 127360, 490.24932050704956, 259.7861836264771
3, 128, 1000, graph_sage_class_reg, 256, 10, False, 0.3, True, False, 127360, 137.95282363891602, 923.2141585833564
3, 128, 1000, graph_sage_class_reg, 256, 10, True, 0.3, True, False, 127360, 13.908198833465576, 9157.188614067654
3, 128, 1000, graph_sage_class_reg, 128, 15, False, 0.3, True, False, 127360, 83.0623676776886, 1533.305678140574
3, 128, 1000, graph_sage_class_reg, 128, 15, True, 0.3, True, False, 127360, 10.96866750717163, 11611.255416095744
3, 128, 1000, graph_sage_class_reg, 128, 5, False, 0.3, False, True, 127360, 484.50623059272766, 262.86555663936934
3, 256, 1000, graph_sage_class_reg, 256, 10, False, 0.3, True, False, 127488, 156.29244542121887, 815.701614088967
3, 256, 1000, graph_sage_class_reg, 256, 10, True, 0.3, True, False, 127488, 14.951203346252441, 8526.939072897781
3, 256, 1000, graph_sage_class_reg, 128, 15, False, 0.3, True, False, 127488, 86.45428323745728, 1474.6290782359342
3, 256, 1000, graph_sage_class_reg, 128, 15, True, 0.3, True, False, 127488, 8.746980667114258, 14575.086518632943
3, 256, 1000, graph_sage_class_reg, 128, 5, False, 0.3, False, True, 127488, 482.33826446533203, 264.3124325649747
4, 1, 1000, graph_sage_class_reg, 256, 10, False, 0.3, True, False, 64266, 477.80412340164185, 134.50281580340828
4, 1, 1000, graph_sage_class_reg, 256, 10, True, 0.3, True, False, 64266, 450.528297662735, 142.64586782539786
4, 1, 1000, graph_sage_class_reg, 128, 15, False, 0.3, True, False, 64266, 499.41303634643555, 128.68306456345607
4, 1, 1000, graph_sage_class_reg, 128, 15, True, 0.3, True, False, 64266, 666.0811491012573, 96.48373938628056
4, 1, 1000, graph_sage_class_reg, 128, 5, False, 0.3, False, True, 64266, 711.1046988964081, 90.37487742625943
4, 2, 1000, graph_sage_class_reg, 256, 10, False, 0.3, True, False, 64266, 393.42200207710266, 163.35131146886184
4, 2, 1000, graph_sage_class_reg, 256, 10, True, 0.3, True, False, 64266, 228.9490203857422, 280.700043580541
4, 2, 1000, graph_sage_class_reg, 128, 15, False, 0.3, True, False, 64266, 313.9456117153168, 204.70424685622257
4, 2, 1000, graph_sage_class_reg, 128, 15, True, 0.3, True, False, 64266, 336.32262563705444, 191.08437881117527
4, 2, 1000, graph_sage_class_reg, 128, 5, False, 0.3, False, True, 64266, 474.82627272605896, 135.34634389760677
4, 4, 1000, graph_sage_class_reg, 256, 10, False, 0.3, True, False, 64268, 201.607182264328, 318.778325643865
4, 4, 1000, graph_sage_class_reg, 256, 10, True, 0.3, True, False, 64268, 113.65308690071106, 565.4751819996358
4, 4, 1000, graph_sage_class_reg, 128, 15, False, 0.3, True, False, 64268, 198.3876965045929, 323.95154100956114
4, 4, 1000, graph_sage_class_reg, 128, 15, True, 0.3, True, False, 64268, 168.39936447143555, 381.64039515066787
4, 4, 1000, graph_sage_class_reg, 128, 5, False, 0.3, False, True, 64268, 351.8138163089752, 182.6761685321579
4, 8, 1000, graph_sage_class_reg, 256, 10, False, 0.3, True, False, 64272, 183.2134485244751, 350.80394216483535
4, 8, 1000, graph_sage_class_reg, 256, 10, True, 0.3, True, False, 64272, 57.55437922477722, 1116.717804373969
4, 8, 1000, graph_sage_class_reg, 128, 15, False, 0.3, True, False, 64272, 126.30040550231934, 508.8819766205718
4, 8, 1000, graph_sage_class_reg, 128, 15, True, 0.3, True, False, 64272, 85.06609153747559, 755.5536975821345
4, 8, 1000, graph_sage_class_reg, 128, 5, False, 0.3, False, True, 64272, 294.67673683166504, 218.1101931935522
4, 16, 1000, graph_sage_class_reg, 256, 10, False, 0.3, True, False, 64272, 125.90319800376892, 510.4874301769206
4, 16, 1000, graph_sage_class_reg, 256, 10, True, 0.3, True, False, 64272, 29.893810510635376, 2150.0102831364984
4, 16, 1000, graph_sage_class_reg, 128, 15, False, 0.3, True, False, 64272, 90.92079067230225, 706.9010236795001
4, 16, 1000, graph_sage_class_reg, 128, 15, True, 0.3, True, False, 64272, 42.99124097824097, 1495.0022036472453
4, 16, 1000, graph_sage_class_reg, 128, 5, False, 0.3, False, True, 64272, 265.5602102279663, 242.0242096691618
4, 32, 1000, graph_sage_class_reg, 256, 10, False, 0.3, True, False, 64288, 117.20189428329468, 548.5235575169646
4, 32, 1000, graph_sage_class_reg, 256, 10, True, 0.3, True, False, 64288, 15.437203407287598, 4164.484868395975
4, 32, 1000, graph_sage_class_reg, 128, 15, False, 0.3, True, False, 64288, 78.69221115112305, 816.9550589516319
4, 32, 1000, graph_sage_class_reg, 128, 15, True, 0.3, True, False, 64288, 21.82832384109497, 2945.164295160793
4, 32, 1000, graph_sage_class_reg, 128, 5, False, 0.3, False, True, 64288, 251.25032567977905, 255.8723051445341
4, 64, 1000, graph_sage_class_reg, 256, 10, False, 0.3, True, False, 64320, 120.96079397201538, 531.7425414294206
4, 64, 1000, graph_sage_class_reg, 256, 10, True, 0.3, True, False, 64320, 12.41382646560669, 5181.319408500089
4, 64, 1000, graph_sage_class_reg, 128, 15, False, 0.3, True, False, 64320, 70.85407519340515, 907.7812366392537
4, 64, 1000, graph_sage_class_reg, 128, 15, True, 0.3, True, False, 64320, 10.96456265449524, 5866.171048202288
4, 64, 1000, graph_sage_class_reg, 128, 5, False, 0.3, False, True, 64320, 244.46534419059753, 263.10477754201787
4, 128, 1000, graph_sage_class_reg, 256, 10, False, 0.3, True, False, 64384, 142.509916305542, 451.78610491890527
4, 128, 1000, graph_sage_class_reg, 256, 10, True, 0.3, True, False, 64384, 12.464400053024292, 5165.431125935197
4, 128, 1000, graph_sage_class_reg, 128, 15, False, 0.3, True, False, 64384, 78.03022408485413, 825.1161745990308
4, 128, 1000, graph_sage_class_reg, 128, 15, True, 0.3, True, False, 64384, 8.021483421325684, 8026.445561033083
4, 128, 1000, graph_sage_class_reg, 128, 5, False, 0.3, False, True, 64384, 241.22976756095886, 266.8990674367339
4, 256, 1000, graph_sage_class_reg, 256, 10, False, 0.3, True, False, 64512, 163.6072437763214, 394.31016934799504
4, 256, 1000, graph_sage_class_reg, 256, 10, True, 0.3, True, False, 64512, 14.555426597595215, 4432.161405056888
4, 256, 1000, graph_sage_class_reg, 128, 15, False, 0.3, True, False, 64512, 85.33992433547974, 755.9416123501225
4, 256, 1000, graph_sage_class_reg, 128, 15, True, 0.3, True, False, 64512, 8.572247505187988, 7525.680979341399
4, 256, 1000, graph_sage_class_reg, 128, 5, False, 0.3, False, True, 64512, 243.80163431167603, 264.60856253952693
5, 1, 1000, graph_sage_class_reg, 256, 10, False, 0.3, True, False, 41207, 369.3863971233368, 111.55527198864644
5, 1, 1000, graph_sage_class_reg, 256, 10, True, 0.3, True, False, 41207, 293.2059202194214, 140.53945421416674
5, 1, 1000, graph_sage_class_reg, 128, 15, False, 0.3, True, False, 41207, 382.0144770145416, 107.86763978693779
5, 1, 1000, graph_sage_class_reg, 128, 15, True, 0.3, True, False, 41207, 431.49996185302734, 95.49711157109085
5, 1, 1000, graph_sage_class_reg, 128, 5, False, 0.3, False, True, 41207, 458.33144545555115, 89.90655214381586
5, 2, 1000, graph_sage_class_reg, 256, 10, False, 0.3, True, False, 41208, 234.8662793636322, 175.4530284707224
5, 2, 1000, graph_sage_class_reg, 256, 10, True, 0.3, True, False, 41208, 148.73030853271484, 277.065249218762
5, 2, 1000, graph_sage_class_reg, 128, 15, False, 0.3, True, False, 41208, 287.77569699287415, 143.19485776806366
5, 2, 1000, graph_sage_class_reg, 128, 15, True, 0.3, True, False, 41208, 215.51869320869446, 191.20383195761502
5, 2, 1000, graph_sage_class_reg, 128, 5, False, 0.3, False, True, 41208, 307.54046297073364, 133.99212448971784
5, 4, 1000, graph_sage_class_reg, 256, 10, False, 0.3, True, False, 41208, 253.30759263038635, 162.6796874585936
5, 4, 1000, graph_sage_class_reg, 256, 10, True, 0.3, True, False, 41208, 75.67592263221741, 544.5325087117811
5, 4, 1000, graph_sage_class_reg, 128, 15, False, 0.3, True, False, 41208, 148.8756639957428, 276.79473524415897
5, 4, 1000, graph_sage_class_reg, 128, 15, True, 0.3, True, False, 41208, 111.51027965545654, 369.54440547834787
5, 4, 1000, graph_sage_class_reg, 128, 5, False, 0.3, False, True, 41208, 227.96103715896606, 180.7677334406233
5, 8, 1000, graph_sage_class_reg, 256, 10, False, 0.3, True, False, 41208, 131.4824619293213, 313.4106206662867
5, 8, 1000, graph_sage_class_reg, 256, 10, True, 0.3, True, False, 41208, 38.13630652427673, 1080.5451223696216
5, 8, 1000, graph_sage_class_reg, 128, 15, False, 0.3, True, False, 41208, 98.8365490436554, 416.93078520779517
5, 8, 1000, graph_sage_class_reg, 128, 15, True, 0.3, True, False, 41208, 54.33752703666687, 758.3709132031885
5, 8, 1000, graph_sage_class_reg, 128, 5, False, 0.3, False, True, 41208, 189.62326169013977, 217.31511014369804
5, 16, 1000, graph_sage_class_reg, 256, 10, False, 0.3, True, False, 41216, 119.67955589294434, 344.38630468238455
5, 16, 1000, graph_sage_class_reg, 256, 10, True, 0.3, True, False, 41216, 19.727922439575195, 2089.2215146445756
5, 16, 1000, graph_sage_class_reg, 128, 15, False, 0.3, True, False, 41216, 84.07685422897339, 490.2181507380508
5, 16, 1000, graph_sage_class_reg, 128, 15, True, 0.3, True, False, 41216, 27.643410682678223, 1490.988231268675
5, 16, 1000, graph_sage_class_reg, 128, 5, False, 0.3, False, True, 41216, 170.0385856628418, 242.39204201406653
5, 32, 1000, graph_sage_class_reg, 256, 10, False, 0.3, True, False, 41216, 119.91537833213806, 343.70904360440863
5, 32, 1000, graph_sage_class_reg, 256, 10, True, 0.3, True, False, 41216, 12.162938833236694, 3388.6547129031283
5, 32, 1000, graph_sage_class_reg, 128, 15, False, 0.3, True, False, 41216, 73.42202234268188, 561.3574604038141
5, 32, 1000, graph_sage_class_reg, 128, 15, True, 0.3, True, False, 41216, 14.154683828353882, 2911.827667774421
5, 32, 1000, graph_sage_class_reg, 128, 5, False, 0.3, False, True, 41216, 160.6689965724945, 256.5274003027907
5, 64, 1000, graph_sage_class_reg, 256, 10, False, 0.3, True, False, 41216, 129.86990904808044, 317.36373962301775
5, 64, 1000, graph_sage_class_reg, 256, 10, True, 0.3, True, False, 41216, 12.36701774597168, 3332.7355751086657
5, 64, 1000, graph_sage_class_reg, 128, 15, False, 0.3, True, False, 41216, 75.72350788116455, 544.2959677024162
5, 64, 1000, graph_sage_class_reg, 128, 15, True, 0.3, True, False, 41216, 7.938075542449951, 5192.190447116782
5, 64, 1000, graph_sage_class_reg, 128, 5, False, 0.3, False, True, 41216, 156.6918547153473, 263.0385610973502
5, 128, 1000, graph_sage_class_reg, 256, 10, False, 0.3, True, False, 41216, 151.0561740398407, 272.852137702954
5, 128, 1000, graph_sage_class_reg, 256, 10, True, 0.3, True, False, 41216, 13.382331132888794, 3079.8819421458193
5, 128, 1000, graph_sage_class_reg, 128, 15, False, 0.3, True, False, 41216, 87.07668018341064, 473.32994222088223
5, 128, 1000, graph_sage_class_reg, 128, 15, True, 0.3, True, False, 41216, 8.005144119262695, 5148.6893160139825
5, 128, 1000, graph_sage_class_reg, 128, 5, False, 0.3, False, True, 41216, 154.94150495529175, 266.0100662627025
5, 256, 1000, graph_sage_class_reg, 256, 10, False, 0.3, True, False, 41216, 164.857106924057, 250.01045310704464
5, 256, 1000, graph_sage_class_reg, 256, 10, True, 0.3, True, False, 41216, 15.449418306350708, 2667.8027083425895
5, 256, 1000, graph_sage_class_reg, 128, 15, False, 0.3, True, False, 41216, 93.8380606174469, 439.22476369185415
5, 256, 1000, graph_sage_class_reg, 128, 15, True, 0.3, True, False, 41216, 9.254541873931885, 4453.597007983386
5, 256, 1000, graph_sage_class_reg, 128, 5, False, 0.3, False, True, 41216, 156.45403265953064, 263.43839976111514
6, 1, 1000, graph_sage_class_reg, 256, 10, False, 0.3, True, False, 19379, 221.69405126571655, 87.41326115590196
6, 1, 1000, graph_sage_class_reg, 256, 10, True, 0.3, True, False, 19379, 139.99533677101135, 138.42603937371138
6, 1, 1000, graph_sage_class_reg, 128, 15, False, 0.3, True, False, 19379, 199.61119675636292, 97.08373235021078
6, 1, 1000, graph_sage_class_reg, 128, 15, True, 0.3, True, False, 19379, 203.42428159713745, 95.26394709545184
6, 1, 1000, graph_sage_class_reg, 128, 5, False, 0.3, False, True, 19379, 220.1029896736145, 88.04514663220458
6, 2, 1000, graph_sage_class_reg, 256, 10, False, 0.3, True, False, 19380, 182.01290726661682, 106.47596530949157
6, 2, 1000, graph_sage_class_reg, 256, 10, True, 0.3, True, False, 19380, 70.7512514591217, 273.91741630460456
6, 2, 1000, graph_sage_class_reg, 128, 15, False, 0.3, True, False, 19380, 128.2008945941925, 151.16899192743944
6, 2, 1000, graph_sage_class_reg, 128, 15, True, 0.3, True, False, 19380, 101.39524435997009, 191.13322446561455
6, 2, 1000, graph_sage_class_reg, 128, 5, False, 0.3, False, True, 19380, 146.50517654418945, 132.28201526486356
6, 4, 1000, graph_sage_class_reg, 256, 10, False, 0.3, True, False, 19380, 100.65982937812805, 192.52963292038916
6, 4, 1000, graph_sage_class_reg, 256, 10, True, 0.3, True, False, 19380, 35.40226078033447, 547.42266659889
6, 4, 1000, graph_sage_class_reg, 128, 15, False, 0.3, True, False, 19380, 82.65910124778748, 234.45694070522865
6, 4, 1000, graph_sage_class_reg, 128, 15, True, 0.3, True, False, 19380, 52.05729866027832, 372.28209105647795
6, 4, 1000, graph_sage_class_reg, 128, 5, False, 0.3, False, True, 19380, 108.74513220787048, 178.21487368238596
6, 8, 1000, graph_sage_class_reg, 256, 10, False, 0.3, True, False, 19384, 84.24795627593994, 230.08273264826727
6, 8, 1000, graph_sage_class_reg, 256, 10, True, 0.3, True, False, 19384, 18.29360032081604, 1059.6055265263017
6, 8, 1000, graph_sage_class_reg, 128, 15, False, 0.3, True, False, 19384, 62.81160306930542, 308.6054017537488
6, 8, 1000, graph_sage_class_reg, 128, 15, True, 0.3, True, False, 19384, 26.218454122543335, 739.3265792636155
6, 8, 1000, graph_sage_class_reg, 128, 5, False, 0.3, False, True, 19384, 89.50893974304199, 216.55937446747404
6, 16, 1000, graph_sage_class_reg, 256, 10, False, 0.3, True, False, 19392, 79.51884388923645, 243.8667245591692
6, 16, 1000, graph_sage_class_reg, 256, 10, True, 0.3, True, False, 19392, 9.38847303390503, 2065.511604492953
6, 16, 1000, graph_sage_class_reg, 128, 15, False, 0.3, True, False, 19392, 50.48645782470703, 384.1030017857572
6, 16, 1000, graph_sage_class_reg, 128, 15, True, 0.3, True, False, 19392, 13.395960330963135, 1447.600584123689
6, 16, 1000, graph_sage_class_reg, 128, 5, False, 0.3, False, True, 19392, 80.52762269973755, 240.8117779945738
6, 32, 1000, graph_sage_class_reg, 256, 10, False, 0.3, True, False, 19392, 75.270667552948, 257.630238052014
6, 32, 1000, graph_sage_class_reg, 256, 10, True, 0.3, True, False, 19392, 8.138203144073486, 2382.8355788982617
6, 32, 1000, graph_sage_class_reg, 128, 15, False, 0.3, True, False, 19392, 48.127957820892334, 402.92588503686596
6, 32, 1000, graph_sage_class_reg, 128, 15, True, 0.3, True, False, 19392, 6.80946159362793, 2847.8022430064657
6, 32, 1000, graph_sage_class_reg, 128, 5, False, 0.3, False, True, 19392, 76.00814318656921, 255.13055821401258
6, 64, 1000, graph_sage_class_reg, 256, 10, False, 0.3, True, False, 19392, 92.09319186210632, 210.5693114539474
6, 64, 1000, graph_sage_class_reg, 256, 10, True, 0.3, True, False, 19392, 8.840123653411865, 2193.6344739381125
6, 64, 1000, graph_sage_class_reg, 128, 15, False, 0.3, True, False, 19392, 52.82618951797485, 367.09064532094635
6, 64, 1000, graph_sage_class_reg, 128, 15, True, 0.3, True, False, 19392, 5.138516426086426, 3773.851904326644
6, 64, 1000, graph_sage_class_reg, 128, 5, False, 0.3, False, True, 19392, 73.86079478263855, 262.5479465400799
6, 128, 1000, graph_sage_class_reg, 256, 10, False, 0.3, True, False, 19456, 110.3177101612091, 176.36334158467054
6, 128, 1000, graph_sage_class_reg, 256, 10, True, 0.3, True, False, 19456, 10.232680559158325, 1901.359070823992
6, 128, 1000, graph_sage_class_reg, 128, 15, False, 0.3, True, False, 19456, 60.44636845588684, 321.8721074070611
6, 128, 1000, graph_sage_class_reg, 128, 15, True, 0.3, True, False, 19456, 5.821335554122925, 3342.1883722577045
6, 128, 1000, graph_sage_class_reg, 128, 5, False, 0.3, False, True, 19456, 73.75564050674438, 263.7899944509451
6, 256, 1000, graph_sage_class_reg, 256, 10, False, 0.3, True, False, 19456, 159.17869067192078, 122.22741572928425
6, 256, 1000, graph_sage_class_reg, 256, 10, True, 0.3, True, False, 19456, 10.699172973632812, 1818.4583096233355
6, 256, 1000, graph_sage_class_reg, 128, 15, False, 0.3, True, False, 19456, 66.8251097202301, 291.1480442225154
6, 256, 1000, graph_sage_class_reg, 128, 15, True, 0.3, True, False, 19456, 7.291946172714233, 2668.149152389865
6, 256, 1000, graph_sage_class_reg, 128, 5, False, 0.3, False, True, 19456, 74.38836765289307, 261.5462687766523
7, 1, 1000, graph_sage_class_reg, 256, 10, False, 0.3, True, False, 17622, 195.90931248664856, 89.9497822555064
7, 1, 1000, graph_sage_class_reg, 256, 10, True, 0.3, True, False, 17622, 129.4430274963379, 136.13711252619265
7, 1, 1000, graph_sage_class_reg, 128, 15, False, 0.3, True, False, 17622, 263.45498919487, 66.88808609718724
7, 1, 1000, graph_sage_class_reg, 128, 15, True, 0.3, True, False, 17622, 184.56357264518738, 95.47929608990209
7, 1, 1000, graph_sage_class_reg, 128, 5, False, 0.3, False, True, 17622, 205.52929496765137, 85.73960224392128
7, 2, 1000, graph_sage_class_reg, 256, 10, False, 0.3, True, False, 17622, 137.80392599105835, 127.87734364798456
7, 2, 1000, graph_sage_class_reg, 256, 10, True, 0.3, True, False, 17622, 64.63483548164368, 272.63935722408786
7, 2, 1000, graph_sage_class_reg, 128, 15, False, 0.3, True, False, 17622, 129.04161596298218, 136.56059611850472
7, 2, 1000, graph_sage_class_reg, 128, 15, True, 0.3, True, False, 17622, 93.43088269233704, 188.61001300852863
7, 2, 1000, graph_sage_class_reg, 128, 5, False, 0.3, False, True, 17622, 136.39324712753296, 129.19994480021984
7, 4, 1000, graph_sage_class_reg, 256, 10, False, 0.3, True, False, 17624, 95.65001821517944, 184.25506161799257
7, 4, 1000, graph_sage_class_reg, 256, 10, True, 0.3, True, False, 17624, 33.20745921134949, 530.7241330278155
7, 4, 1000, graph_sage_class_reg, 128, 15, False, 0.3, True, False, 17624, 117.38261938095093, 150.14147829504012
7, 4, 1000, graph_sage_class_reg, 128, 15, True, 0.3, True, False, 17624, 46.91668200492859, 375.6446374052752
7, 4, 1000, graph_sage_class_reg, 128, 5, False, 0.3, False, True, 17624, 99.93463325500488, 176.35527770466263
7, 8, 1000, graph_sage_class_reg, 256, 10, False, 0.3, True, False, 17624, 98.10992789268494, 179.63523548073104
7, 8, 1000, graph_sage_class_reg, 256, 10, True, 0.3, True, False, 17624, 16.867738723754883, 1044.8347753442536
7, 8, 1000, graph_sage_class_reg, 128, 15, False, 0.3, True, False, 17624, 67.3598141670227, 261.63967668171165
7, 8, 1000, graph_sage_class_reg, 128, 15, True, 0.3, True, False, 17624, 23.73273468017578, 742.6030011923373
7, 8, 1000, graph_sage_class_reg, 128, 5, False, 0.3, False, True, 17624, 82.10668683052063, 214.6475601479126
7, 16, 1000, graph_sage_class_reg, 256, 10, False, 0.3, True, False, 17632, 99.39401745796204, 177.39498262515974
7, 16, 1000, graph_sage_class_reg, 256, 10, True, 0.3, True, False, 17632, 10.266661167144775, 1717.403517360218
7, 16, 1000, graph_sage_class_reg, 128, 15, False, 0.3, True, False, 17632, 62.88955545425415, 280.36451955564405
7, 16, 1000, graph_sage_class_reg, 128, 15, True, 0.3, True, False, 17632, 12.215691328048706, 1443.3894510345717
7, 16, 1000, graph_sage_class_reg, 128, 5, False, 0.3, False, True, 17632, 73.46780204772949, 239.99629100847605
7, 32, 1000, graph_sage_class_reg, 256, 10, False, 0.3, True, False, 17632, 107.87708783149719, 163.44527234124996
7, 32, 1000, graph_sage_class_reg, 256, 10, True, 0.3, True, False, 17632, 10.4395010471344, 1688.969608833931
7, 32, 1000, graph_sage_class_reg, 128, 15, False, 0.3, True, False, 17632, 60.54034757614136, 291.2437854411771
7, 32, 1000, graph_sage_class_reg, 128, 15, True, 0.3, True, False, 17632, 6.407179355621338, 2751.912974705565
7, 32, 1000, graph_sage_class_reg, 128, 5, False, 0.3, False, True, 17632, 69.56390237808228, 253.46479132480889
7, 64, 1000, graph_sage_class_reg, 256, 10, False, 0.3, True, False, 17664, 122.30409502983093, 144.42688935061096
7, 64, 1000, graph_sage_class_reg, 256, 10, True, 0.3, True, False, 17664, 11.2625093460083, 1568.3893755222978
7, 64, 1000, graph_sage_class_reg, 128, 15, False, 0.3, True, False, 17664, 67.66585803031921, 261.04745456837696
7, 64, 1000, graph_sage_class_reg, 128, 15, True, 0.3, True, False, 17664, 6.746997356414795, 2618.0534935597275
7, 64, 1000, graph_sage_class_reg, 128, 5, False, 0.3, False, True, 17664, 67.24270963668823, 262.690187463272
7, 128, 1000, graph_sage_class_reg, 256, 10, False, 0.3, True, False, 17664, 137.67669486999512, 128.3005814214214
7, 128, 1000, graph_sage_class_reg, 256, 10, True, 0.3, True, False, 17664, 12.936645984649658, 1365.4234660946677
7, 128, 1000, graph_sage_class_reg, 128, 15, False, 0.3, True, False, 17664, 77.45272374153137, 228.06170198670864
7, 128, 1000, graph_sage_class_reg, 128, 15, True, 0.3, True, False, 17664, 7.744125843048096, 2280.954669126016
7, 128, 1000, graph_sage_class_reg, 128, 5, False, 0.3, False, True, 17664, 67.36555099487305, 262.2111708303899
7, 256, 1000, graph_sage_class_reg, 256, 10, False, 0.3, True, False, 17664, 197.21002411842346, 89.56948349335869
7, 256, 1000, graph_sage_class_reg, 256, 10, True, 0.3, True, False, 17664, 13.237287759780884, 1334.412329817962
7, 256, 1000, graph_sage_class_reg, 128, 15, False, 0.3, True, False, 17664, 84.13070631027222, 209.95901228804084
7, 256, 1000, graph_sage_class_reg, 128, 15, True, 0.3, True, False, 17664, 9.386680841445923, 1881.8153400940646
7, 256, 1000, graph_sage_class_reg, 128, 5, False, 0.3, False, True, 17664, 68.41750264167786, 258.17954935466514
3, 1, 1000, graph_sage_class_reg, 64, 20, False, 0.3, True, False, 127312, 1560.3714501857758, 81.59082889195544
3, 1, 1000, graph_sage_class_reg, 64, 20, True, 0.3, True, False, 127312, 1500.4233326911926, 84.85071994425091
3, 2, 1000, graph_sage_class_reg, 64, 20, False, 0.3, True, False, 127312, 793.2681350708008, 160.49050046443267
3, 2, 1000, graph_sage_class_reg, 64, 20, True, 0.3, True, False, 127312, 749.6897995471954, 169.81957081034727
3, 4, 1000, graph_sage_class_reg, 64, 20, False, 0.3, True, False, 127312, 805.8188519477844, 157.99084334186014
3, 4, 1000, graph_sage_class_reg, 64, 20, True, 0.3, True, False, 127312, 372.8419725894928, 341.4637014062076
3, 8, 1000, graph_sage_class_reg, 64, 20, False, 0.3, True, False, 127312, 574.4121186733246, 221.63877791095828
3, 8, 1000, graph_sage_class_reg, 64, 20, True, 0.3, True, False, 127312, 189.25501346588135, 672.7008054819728
3, 16, 1000, graph_sage_class_reg, 64, 20, False, 0.3, True, False, 127312, 213.84556937217712, 595.3455120616786
3, 16, 1000, graph_sage_class_reg, 64, 20, True, 0.3, True, False, 127312, 95.92044067382812, 1327.2666295697811
3, 32, 1000, graph_sage_class_reg, 64, 20, False, 0.3, True, False, 127328, 135.5566601753235, 939.297263854975
3, 32, 1000, graph_sage_class_reg, 64, 20, True, 0.3, True, False, 127328, 48.52925491333008, 2623.7369649997527
3, 64, 1000, graph_sage_class_reg, 64, 20, False, 0.3, True, False, 127360, 74.38714814186096, 1712.1237092880142
3, 64, 1000, graph_sage_class_reg, 64, 20, True, 0.3, True, False, 127360, 24.338531017303467, 5232.854846886752
3, 128, 1000, graph_sage_class_reg, 64, 20, False, 0.3, True, False, 127360, 61.80126953125, 2060.7990898245225
3, 128, 1000, graph_sage_class_reg, 64, 20, True, 0.3, True, False, 127360, 12.389116525650024, 10279.990484900032
3, 256, 1000, graph_sage_class_reg, 64, 20, False, 0.3, True, False, 127488, 53.019068002700806, 2404.5688617820615
3, 256, 1000, graph_sage_class_reg, 64, 20, True, 0.3, True, False, 127488, 7.249807596206665, 17585.01840334437
4, 1, 1000, graph_sage_class_reg, 64, 20, False, 0.3, True, False, 64266, 789.3979544639587, 81.4114093361692
4, 1, 1000, graph_sage_class_reg, 64, 20, True, 0.3, True, False, 64266, 749.3764283657074, 85.75930275810222
4, 2, 1000, graph_sage_class_reg, 64, 20, False, 0.3, True, False, 64266, 726.2686543464661, 88.48791644165044
4, 2, 1000, graph_sage_class_reg, 64, 20, True, 0.3, True, False, 64266, 376.3607699871063, 170.75637294025537
4, 4, 1000, graph_sage_class_reg, 64, 20, False, 0.3, True, False, 64268, 333.7816598415375, 192.54503087590604
4, 4, 1000, graph_sage_class_reg, 64, 20, True, 0.3, True, False, 64268, 190.570650100708, 337.2397584100031
4, 8, 1000, graph_sage_class_reg, 64, 20, False, 0.3, True, False, 64272, 261.2113208770752, 246.05365412261781
4, 8, 1000, graph_sage_class_reg, 64, 20, True, 0.3, True, False, 64272, 95.97492265701294, 669.6749340417792
4, 16, 1000, graph_sage_class_reg, 64, 20, False, 0.3, True, False, 64272, 188.0442922115326, 341.79181534369513
4, 16, 1000, graph_sage_class_reg, 64, 20, True, 0.3, True, False, 64272, 48.67137002944946, 1320.5299123717107
4, 32, 1000, graph_sage_class_reg, 64, 20, False, 0.3, True, False, 64288, 74.71106481552124, 860.488338089436
4, 32, 1000, graph_sage_class_reg, 64, 20, True, 0.3, True, False, 64288, 24.16667628288269, 2660.1920449249087
4, 64, 1000, graph_sage_class_reg, 64, 20, False, 0.3, True, False, 64320, 52.07413601875305, 1235.1621153510246
4, 64, 1000, graph_sage_class_reg, 64, 20, True, 0.3, True, False, 64320, 12.316247940063477, 5222.369695138543
4, 128, 1000, graph_sage_class_reg, 64, 20, False, 0.3, True, False, 64384, 47.96951985359192, 1342.1856252992905
4, 128, 1000, graph_sage_class_reg, 64, 20, True, 0.3, True, False, 64384, 6.442519903182983, 9993.60513705057
4, 256, 1000, graph_sage_class_reg, 64, 20, False, 0.3, True, False, 64512, 47.73549556732178, 1351.4471617670372
4, 256, 1000, graph_sage_class_reg, 64, 20, True, 0.3, True, False, 64512, 5.9566428661346436, 10830.261516393852
5, 1, 1000, graph_sage_class_reg, 64, 20, False, 0.3, True, False, 41207, 542.13374376297, 76.00891933783852
5, 1, 1000, graph_sage_class_reg, 64, 20, True, 0.3, True, False, 41207, 485.1534056663513, 84.93602130526688
5, 2, 1000, graph_sage_class_reg, 64, 20, False, 0.3, True, False, 41208, 410.7022969722748, 100.33545052897969
5, 2, 1000, graph_sage_class_reg, 64, 20, True, 0.3, True, False, 41208, 245.45881819725037, 167.88152205183889
5, 4, 1000, graph_sage_class_reg, 64, 20, False, 0.3, True, False, 41208, 257.099404335022, 160.28041802190464
5, 4, 1000, graph_sage_class_reg, 64, 20, True, 0.3, True, False, 41208, 122.14523410797119, 337.3688732183679
5, 8, 1000, graph_sage_class_reg, 64, 20, False, 0.3, True, False, 41208, 207.25856161117554, 198.824114572925
5, 8, 1000, graph_sage_class_reg, 64, 20, True, 0.3, True, False, 41208, 61.08157825469971, 674.638756519514
5, 16, 1000, graph_sage_class_reg, 64, 20, False, 0.3, True, False, 41216, 100.29661917686462, 410.9410699808242
5, 16, 1000, graph_sage_class_reg, 64, 20, True, 0.3, True, False, 41216, 31.770005702972412, 1297.3242871071886
5, 32, 1000, graph_sage_class_reg, 64, 20, False, 0.3, True, False, 41216, 57.48633933067322, 716.970335559499
5, 32, 1000, graph_sage_class_reg, 64, 20, True, 0.3, True, False, 41216, 15.858851432800293, 2598.927177964126
5, 64, 1000, graph_sage_class_reg, 64, 20, False, 0.3, True, False, 41216, 46.42632746696472, 887.7721381112431
5, 64, 1000, graph_sage_class_reg, 64, 20, True, 0.3, True, False, 41216, 7.952695846557617, 5182.645079761305
5, 128, 1000, graph_sage_class_reg, 64, 20, False, 0.3, True, False, 41216, 46.50324082374573, 886.3038203340459
5, 128, 1000, graph_sage_class_reg, 64, 20, True, 0.3, True, False, 41216, 5.810520648956299, 7093.3402512567145
5, 256, 1000, graph_sage_class_reg, 64, 20, False, 0.3, True, False, 41216, 47.512404441833496, 867.4787244341255
5, 256, 1000, graph_sage_class_reg, 64, 20, True, 0.3, True, False, 41216, 6.218577146530151, 6627.882717994059
6, 1, 1000, graph_sage_class_reg, 64, 20, False, 0.3, True, False, 19379, 422.6485722064972, 45.85133199156255
6, 1, 1000, graph_sage_class_reg, 64, 20, True, 0.3, True, False, 19379, 230.53974318504333, 84.059259077275
6, 2, 1000, graph_sage_class_reg, 64, 20, False, 0.3, True, False, 19380, 295.25124073028564, 65.63901290326426
6, 2, 1000, graph_sage_class_reg, 64, 20, True, 0.3, True, False, 19380, 114.41879296302795, 169.3777700159994
6, 4, 1000, graph_sage_class_reg, 64, 20, False, 0.3, True, False, 19380, 166.19026803970337, 116.6133265719871
6, 4, 1000, graph_sage_class_reg, 64, 20, True, 0.3, True, False, 19380, 58.94502830505371, 328.7809092177234
6, 8, 1000, graph_sage_class_reg, 64, 20, False, 0.3, True, False, 19384, 113.4509539604187, 170.85797274796633
6, 8, 1000, graph_sage_class_reg, 64, 20, True, 0.3, True, False, 19384, 29.34810996055603, 660.48546315426
6, 16, 1000, graph_sage_class_reg, 64, 20, False, 0.3, True, False, 19392, 45.5314576625824, 425.9033423376709
6, 16, 1000, graph_sage_class_reg, 64, 20, True, 0.3, True, False, 19392, 15.073471546173096, 1286.4985972606494
6, 32, 1000, graph_sage_class_reg, 64, 20, False, 0.3, True, False, 19392, 33.89671564102173, 572.0908245320336
6, 32, 1000, graph_sage_class_reg, 64, 20, True, 0.3, True, False, 19392, 7.465104103088379, 2597.6864799483988
6, 64, 1000, graph_sage_class_reg, 64, 20, False, 0.3, True, False, 19392, 29.72812056541443, 652.3116709423122
6, 64, 1000, graph_sage_class_reg, 64, 20, True, 0.3, True, False, 19392, 4.162393808364868, 4658.857593202563
6, 128, 1000, graph_sage_class_reg, 64, 20, False, 0.3, True, False, 19456, 32.986905097961426, 589.8098030785668
6, 128, 1000, graph_sage_class_reg, 64, 20, True, 0.3, True, False, 19456, 3.8148293495178223, 5100.0970731388425
6, 256, 1000, graph_sage_class_reg, 64, 20, False, 0.3, True, False, 19456, 33.324392557144165, 583.836598570766
6, 256, 1000, graph_sage_class_reg, 64, 20, True, 0.3, True, False, 19456, 4.412956237792969, 4408.835925762644
7, 1, 1000, graph_sage_class_reg, 64, 20, False, 0.3, True, False, 17622, 339.57075572013855, 51.89492823853003
7, 1, 1000, graph_sage_class_reg, 64, 20, True, 0.3, True, False, 17622, 209.11894941329956, 84.26782962251853
7, 2, 1000, graph_sage_class_reg, 64, 20, False, 0.3, True, False, 17622, 293.00443506240845, 60.14243435000089
7, 2, 1000, graph_sage_class_reg, 64, 20, True, 0.3, True, False, 17622, 105.42681050300598, 167.14913327950438
7, 4, 1000, graph_sage_class_reg, 64, 20, False, 0.3, True, False, 17624, 173.0964024066925, 101.81609643504986
7, 4, 1000, graph_sage_class_reg, 64, 20, True, 0.3, True, False, 17624, 52.93295979499817, 332.94945282212154
7, 8, 1000, graph_sage_class_reg, 64, 20, False, 0.3, True, False, 17624, 113.7935881614685, 154.87691604374277
7, 8, 1000, graph_sage_class_reg, 64, 20, True, 0.3, True, False, 17624, 26.741939544677734, 659.0397069201207
7, 16, 1000, graph_sage_class_reg, 64, 20, False, 0.3, True, False, 17632, 53.564215660095215, 329.1749871199114
7, 16, 1000, graph_sage_class_reg, 64, 20, True, 0.3, True, False, 17632, 13.60235333442688, 1296.2462866902806
7, 32, 1000, graph_sage_class_reg, 64, 20, False, 0.3, True, False, 17632, 37.621476888656616, 468.6684696664922
7, 32, 1000, graph_sage_class_reg, 64, 20, True, 0.3, True, False, 17632, 6.929790735244751, 2544.376976684746
7, 64, 1000, graph_sage_class_reg, 64, 20, False, 0.3, True, False, 17664, 37.794482946395874, 467.36980169970707
7, 64, 1000, graph_sage_class_reg, 64, 20, True, 0.3, True, False, 17664, 4.647097826004028, 3801.0820218065037
7, 128, 1000, graph_sage_class_reg, 64, 20, False, 0.3, True, False, 17664, 40.30448389053345, 438.26389262235034
7, 128, 1000, graph_sage_class_reg, 64, 20, True, 0.3, True, False, 17664, 5.004945755004883, 3529.3089804891933
7, 256, 1000, graph_sage_class_reg, 64, 20, False, 0.3, True, False, 17664, 43.71300768852234, 404.09024530787457
7, 256, 1000, graph_sage_class_reg, 64, 20, True, 0.3, True, False, 17664, 5.89234185218811, 2997.7894092211413
